run_id,variant,sample,bin_index_1_based,reference_upper_edge_um,reproduced_upper_edge_um,reference_mean_velocity,reproduced_mean_velocity,signed_error,absolute_error,reproduced_stdev,reproduced_observations
A01_control,A_legacy,control,1,3.776315789473684,3.776315789473684,463.581574911175,446.24188006394587,-17.33969484722911,17.33969484722911,49.02073735664545,25471
A01_control,A_legacy,control,2,7.552631578947368,7.552631578947368,479.8822450752279,465.9657087351338,-13.916536340094126,13.916536340094126,45.10175851593287,23382
A01_control,A_legacy,control,3,11.32894736842105,11.328947368421053,486.8157178991975,477.56823606632423,-9.24748183287329,9.24748183287329,40.5280389283508,19838
A01_control,A_legacy,control,4,15.10526315789474,15.105263157894736,492.9779131604483,496.29779089221273,3.31987773176445,3.31987773176445,34.68236288625613,19739
A01_control,A_legacy,control,5,18.88157894736842,18.881578947368425,509.0915952734761,512.9708222636792,3.879226990203108,3.879226990203108,30.367918379253172,16437
A01_control,A_legacy,control,6,22.65789473684211,22.657894736842106,518.9359718846018,518.5352072773038,-0.4007646072980151,0.4007646072980151,30.120129902356407,17482
A01_control,A_legacy,control,7,26.43421052631579,26.434210526315788,523.9541438077175,520.937658889331,-3.0164849183864817,3.0164849183864817,30.110055916662965,23159
A01_control,A_legacy,control,8,30.21052631578947,30.210526315789473,525.3635252468608,520.7196491560251,-4.643876090835761,4.643876090835761,31.00164849585865,19325
A01_control,A_legacy,control,9,33.98684210526316,33.98684210526316,527.2624271378364,521.3408030304097,-5.921624107426737,5.921624107426737,31.401642749626017,18522
A01_control,A_legacy,control,10,37.76315789473685,37.76315789473685,528.2306309824129,522.3660161457827,-5.864614836630153,5.864614836630153,31.67984480443235,20920
A01_control,A_legacy,control,11,41.53947368421053,41.53947368421053,529.4324597532669,524.4520027553508,-4.9804569979161215,4.9804569979161215,31.43834381101552,18313
A01_control,A_legacy,control,12,45.31578947368421,45.31578947368421,529.5276446960855,525.7315176360579,-3.7961270600276293,3.7961270600276293,31.50947462180472,19773
A01_control,A_legacy,control,13,49.0921052631579,49.0921052631579,529.257119815141,527.0869689812589,-2.170150833882076,2.170150833882076,30.77464193333625,25112
A01_control,A_legacy,control,14,52.86842105263158,52.868421052631575,524.5701823925508,524.7063912432859,0.1362088507351018,0.1362088507351018,30.455263693364284,22293
A01_control,A_legacy,control,15,56.64473684210527,56.64473684210527,514.01630787243,518.1233752252948,4.10706735286476,4.10706735286476,31.739767659968944,19691
A01_control,A_legacy,control,16,60.42105263157895,60.421052631578945,499.5646179624673,500.2879559907084,0.7233380282410735,0.7233380282410735,37.06797638812261,23220
A01_control,A_legacy,control,17,64.19736842105263,64.19736842105263,495.0250598464668,484.3825203115426,-10.642539534924197,10.642539534924197,43.833246476237555,25500
A01_control,A_legacy,control,18,67.97368421052632,67.97368421052632,486.4867244655335,471.19331063118517,-15.293413834348314,15.293413834348314,48.641584218385056,24831
A01_control,A_legacy,control,19,71.75,71.75,468.7498799456037,447.8487192370034,-20.901160708600287,20.901160708600287,50.37065734405641,16240
A01_sepsis,A_legacy,sepsis,1,3.407894736842105,3.4078947368421053,557.2336048748283,544.2387389779798,-12.994865896848523,12.994865896848523,74.6207393215442,18383
A01_sepsis,A_legacy,sepsis,2,6.815789473684211,6.815789473684211,559.2436708316217,544.7346203212423,-14.509050510379325,14.509050510379325,72.46879352850304,21545
A01_sepsis,A_legacy,sepsis,3,10.22368421052632,10.223684210526315,560.3987896274358,546.5679467517575,-13.830842875678286,13.830842875678286,68.04002700036104,20515
A01_sepsis,A_legacy,sepsis,4,13.63157894736842,13.631578947368421,560.8155344757931,549.7929138473671,-11.022620628426012,11.022620628426012,66.96600241388961,20515
A01_sepsis,A_legacy,sepsis,5,17.03947368421053,17.039473684210527,561.1513433894442,552.8015932478573,-8.34975014158681,8.34975014158681,68.99830681517184,21893
A01_sepsis,A_legacy,sepsis,6,20.44736842105263,20.44736842105263,562.5352283392697,554.0832440335528,-8.451984305716906,8.451984305716906,68.0490526094852,22769
A01_sepsis,A_legacy,sepsis,7,23.85526315789474,23.855263157894736,564.515324039244,553.6506014753994,-10.864722563844566,10.864722563844566,67.76578800825618,21496
A01_sepsis,A_legacy,sepsis,8,27.26315789473684,27.263157894736842,565.4026943513294,553.5045994453246,-11.898094906004758,11.898094906004758,68.27496445656081,20141
A01_sepsis,A_legacy,sepsis,9,30.67105263157895,30.67105263157895,563.8010805937621,552.9059884312018,-10.895092162560331,10.895092162560331,68.93581705912176,20352
A01_sepsis,A_legacy,sepsis,10,34.07894736842105,34.078947368421055,564.01905988649,551.0951086883956,-12.923951198094414,12.923951198094414,69.56160762641117,20022
A01_sepsis,A_legacy,sepsis,11,37.48684210526316,37.48684210526316,567.9904496523931,554.1018271293976,-13.888622522995433,13.888622522995433,68.72306330806599,20420
A01_sepsis,A_legacy,sepsis,12,40.89473684210526,40.89473684210526,569.2992909416753,555.8643613491935,-13.434929592481808,13.434929592481808,67.31137842248495,22272
A01_sepsis,A_legacy,sepsis,13,44.30263157894737,44.30263157894737,566.9952070847053,557.5877448336244,-9.407462251080915,9.407462251080915,65.65537114926381,22406
A01_sepsis,A_legacy,sepsis,14,47.71052631578947,47.71052631578947,566.1030653000455,557.8729226450487,-8.230142654996826,8.230142654996826,66.85571858074624,21811
A01_sepsis,A_legacy,sepsis,15,51.11842105263158,51.11842105263158,560.438454051932,553.9332316926373,-6.5052223592947485,6.5052223592947485,66.03252450114334,21737
A01_sepsis,A_legacy,sepsis,16,54.52631578947368,54.526315789473685,559.1539981460769,547.1456684819988,-12.008329664078133,12.008329664078133,65.10896300327327,21747
A01_sepsis,A_legacy,sepsis,17,57.93421052631579,57.934210526315795,557.5640646558861,541.3251708621054,-16.238893793780676,16.238893793780676,68.17607995315049,22343
A01_sepsis,A_legacy,sepsis,18,61.3421052631579,61.3421052631579,553.6478422288675,536.5243907094506,-17.123451519416903,17.123451519416903,69.14530622702875,24815
A01_sepsis,A_legacy,sepsis,19,64.75,64.75,550.1015754976037,530.463550170631,-19.638025326972638,19.638025326972638,68.78397660566128,15749
A02_control,A_legacy,control,1,3.776315789473684,3.776315789473684,463.581574911175,444.6827391612344,-18.898835749940588,18.898835749940588,48.4447304615843,27886
A02_control,A_legacy,control,2,7.552631578947368,7.552631578947368,479.8822450752279,462.7056651328418,-17.176579942386127,17.176579942386127,44.9727083981554,24603
A02_control,A_legacy,control,3,11.32894736842105,11.328947368421053,486.8157178991975,476.43643854596286,-10.379279353234665,10.379279353234665,40.47429567822311,19700
A02_control,A_legacy,control,4,15.10526315789474,15.105263157894736,492.9779131604483,495.8154601822819,2.837547021833643,2.837547021833643,34.646523004199004,18742
A02_control,A_legacy,control,5,18.88157894736842,18.881578947368425,509.0915952734761,512.4079168104039,3.3163215369277736,3.3163215369277736,30.786201280442175,15884
A02_control,A_legacy,control,6,22.65789473684211,22.657894736842106,518.9359718846018,519.0484516843212,0.11247979971938094,0.11247979971938094,30.284321817900533,17246
A02_control,A_legacy,control,7,26.43421052631579,26.434210526315788,523.9541438077175,520.6569897363584,-3.2971540713591594,3.2971540713591594,30.44142152853644,23573
A02_control,A_legacy,control,8,30.21052631578947,30.210526315789473,525.3635252468608,521.1608376422196,-4.202687604641255,4.202687604641255,30.755939044572415,19063
A02_control,A_legacy,control,9,33.98684210526316,33.98684210526316,527.2624271378364,521.3580347648117,-5.904392373024734,5.904392373024734,31.317205732916104,17710
A02_control,A_legacy,control,10,37.76315789473685,37.76315789473685,528.2306309824129,522.4579999846701,-5.7726309977427945,5.7726309977427945,31.269469191365626,20608
A02_control,A_legacy,control,11,41.53947368421053,41.53947368421053,529.4324597532669,524.2156483849126,-5.2168113683543424,5.2168113683543424,31.370295556843264,18041
A02_control,A_legacy,control,12,45.31578947368421,45.31578947368421,529.5276446960855,525.6818625248055,-3.845782171280007,3.845782171280007,31.767705532116647,19269
A02_control,A_legacy,control,13,49.0921052631579,49.0921052631579,529.257119815141,526.8845141809711,-2.3726056341698722,2.3726056341698722,30.704496409419352,25159
A02_control,A_legacy,control,14,52.86842105263158,52.868421052631575,524.5701823925508,524.5928623631912,0.02267997064041083,0.02267997064041083,30.521291144898797,21700
A02_control,A_legacy,control,15,56.64473684210527,56.64473684210527,514.01630787243,517.7309933368897,3.7146854644596488,3.7146854644596488,31.735196005223436,19329
A02_control,A_legacy,control,16,60.42105263157895,60.421052631578945,499.5646179624673,499.7784428197382,0.21382485727087897,0.21382485727087897,36.66447139073803,22700
A02_control,A_legacy,control,17,64.19736842105263,64.19736842105263,495.0250598464668,483.55205641030017,-11.473003436166607,11.473003436166607,43.792391744033175,25252
A02_control,A_legacy,control,18,67.97368421052632,67.97368421052632,486.4867244655335,467.37055046287713,-19.11617400265635,19.11617400265635,48.400178867467545,25571
A02_control,A_legacy,control,19,71.75,71.75,468.7498799456037,445.2897031164823,-23.460176829121394,23.460176829121394,50.8657790167101,17212
A02_sepsis,A_legacy,sepsis,1,3.407894736842105,3.4078947368421053,557.2336048748283,545.5162129221497,-11.717391952678554,11.717391952678554,73.69896120284508,19241
A02_sepsis,A_legacy,sepsis,2,6.815789473684211,6.815789473684211,559.2436708316217,548.0894204626595,-11.154250368962153,11.154250368962153,71.09580914161043,21211
A02_sepsis,A_legacy,sepsis,3,10.22368421052632,10.223684210526315,560.3987896274358,548.2752001237587,-12.123589503677067,12.123589503677067,67.3851491216568,20280
A02_sepsis,A_legacy,sepsis,4,13.63157894736842,13.631578947368421,560.8155344757931,553.2171634971251,-7.598370978668072,7.598370978668072,65.14156502955615,20243
A02_sepsis,A_legacy,sepsis,5,17.03947368421053,17.039473684210527,561.1513433894442,555.9061478547318,-5.245195534712366,5.245195534712366,67.69740411630666,22143
A02_sepsis,A_legacy,sepsis,6,20.44736842105263,20.44736842105263,562.5352283392697,557.5878902719794,-4.947338067290275,4.947338067290275,67.51812966051519,22433
A02_sepsis,A_legacy,sepsis,7,23.85526315789474,23.855263157894736,564.515324039244,556.9372558785853,-7.578068160658631,7.578068160658631,67.27113227476448,21049
A02_sepsis,A_legacy,sepsis,8,27.26315789473684,27.263157894736842,565.4026943513294,556.4707432458671,-8.931951105462304,8.931951105462304,68.4319827918726,19175
A02_sepsis,A_legacy,sepsis,9,30.67105263157895,30.67105263157895,563.8010805937621,556.7590122854211,-7.0420683083409585,7.0420683083409585,67.38344598957175,19336
A02_sepsis,A_legacy,sepsis,10,34.07894736842105,34.078947368421055,564.01905988649,555.3128011380563,-8.706258748433697,8.706258748433697,68.84442575319642,19379
A02_sepsis,A_legacy,sepsis,11,37.48684210526316,37.48684210526316,567.9904496523931,556.5699248528606,-11.420524799532473,11.420524799532473,68.58715673002528,20277
A02_sepsis,A_legacy,sepsis,12,40.89473684210526,40.89473684210526,569.2992909416753,559.4671512628614,-9.83213967881386,9.83213967881386,66.93855333116112,22255
A02_sepsis,A_legacy,sepsis,13,44.30263157894737,44.30263157894737,566.9952070847053,562.1550844625366,-4.840122622168678,4.840122622168678,64.12830537398126,22521
A02_sepsis,A_legacy,sepsis,14,47.71052631578947,47.71052631578947,566.1030653000455,561.0804590337672,-5.022606266278331,5.022606266278331,65.33612611999169,22033
A02_sepsis,A_legacy,sepsis,15,51.11842105263158,51.11842105263158,560.438454051932,557.150145171511,-3.2883088804210274,3.2883088804210274,65.134507518889,21676
A02_sepsis,A_legacy,sepsis,16,54.52631578947368,54.526315789473685,559.1539981460769,548.9038564167108,-10.250141729366078,10.250141729366078,64.27665212201788,21711
A02_sepsis,A_legacy,sepsis,17,57.93421052631579,57.934210526315795,557.5640646558861,544.9739295291006,-12.590135126785526,12.590135126785526,66.5806367702537,23032
A02_sepsis,A_legacy,sepsis,18,61.3421052631579,61.3421052631579,553.6478422288675,538.825575912701,-14.82226631616652,14.82226631616652,67.51607321049919,27007
A02_sepsis,A_legacy,sepsis,19,64.75,64.75,550.1015754976037,531.8773409615657,-18.22423453603801,18.22423453603801,67.9363908094771,15947
A03_control,A_legacy,control,1,3.776315789473684,3.776315789473684,463.581574911175,447.35037541622654,-16.23119949494844,16.23119949494844,48.42348766043754,22698
A03_control,A_legacy,control,2,7.552631578947368,7.552631578947368,479.8822450752279,469.22935713477926,-10.652887940448636,10.652887940448636,44.56421412172236,21899
A03_control,A_legacy,control,3,11.32894736842105,11.328947368421053,486.8157178991975,478.22321889224787,-8.592499006949652,8.592499006949652,40.414208565570064,20043
A03_control,A_legacy,control,4,15.10526315789474,15.105263157894736,492.9779131604483,496.63447553057154,3.656562370123254,3.656562370123254,34.405450687189834,20897
A03_control,A_legacy,control,5,18.88157894736842,18.881578947368425,509.0915952734761,512.9163379365584,3.8247426630823043,3.8247426630823043,29.965286191570932,17779
A03_control,A_legacy,control,6,22.65789473684211,22.657894736842106,518.9359718846018,518.7611730973684,-0.17479878723338516,0.17479878723338516,30.045031365342783,18325
A03_control,A_legacy,control,7,26.43421052631579,26.434210526315788,523.9541438077175,520.7711296949914,-3.1830141127261413,3.1830141127261413,30.252418891073074,23634
A03_control,A_legacy,control,8,30.21052631578947,30.210526315789473,525.3635252468608,521.2107532093974,-4.152772037463478,4.152772037463478,30.885735783913535,20111
A03_control,A_legacy,control,9,33.98684210526316,33.98684210526316,527.2624271378364,521.4574891757285,-5.804937962107942,5.804937962107942,31.044852113917177,19773
A03_control,A_legacy,control,10,37.76315789473685,37.76315789473685,528.2306309824129,522.8530562344973,-5.37757474791556,5.37757474791556,31.50756686693211,22098
A03_control,A_legacy,control,11,41.53947368421053,41.53947368421053,529.4324597532669,524.6065092254519,-4.825950527815053,4.825950527815053,31.572144456924107,19332
A03_control,A_legacy,control,12,45.31578947368421,45.31578947368421,529.5276446960855,525.4670263962884,-4.06061829979717,4.06061829979717,31.25747394605469,19925
A03_control,A_legacy,control,13,49.0921052631579,49.0921052631579,529.257119815141,526.4487756253421,-2.808344189798845,2.808344189798845,30.30231234095081,25260
A03_control,A_legacy,control,14,52.86842105263158,52.868421052631575,524.5701823925508,524.2466797757806,-0.32350261677015624,0.32350261677015624,30.312732468949815,22608
A03_control,A_legacy,control,15,56.64473684210527,56.64473684210527,514.01630787243,518.1488211020524,4.132513229622305,4.132513229622305,31.603227330431064,20008
A03_control,A_legacy,control,16,60.42105263157895,60.421052631578945,499.5646179624673,501.00203967905344,1.4374217165861296,1.4374217165861296,37.19426454670284,23462
A03_control,A_legacy,control,17,64.19736842105263,64.19736842105263,495.0250598464668,485.1576363198003,-9.867423526666471,9.867423526666471,43.77952971207045,24154
A03_control,A_legacy,control,18,67.97368421052632,67.97368421052632,486.4867244655335,472.9560004151169,-13.530724050416609,13.530724050416609,48.30611755740116,21965
A03_control,A_legacy,control,19,71.75,71.75,468.7498799456037,449.94193984510855,-18.80794010049516,18.80794010049516,49.9687075020794,15275
A03_sepsis,A_legacy,sepsis,1,3.407894736842105,3.4078947368421053,557.2336048748283,540.1299013855352,-17.10370348929314,17.10370348929314,75.31748062200013,19567
A03_sepsis,A_legacy,sepsis,2,6.815789473684211,6.815789473684211,559.2436708316217,541.4684983190298,-17.775172512591894,17.775172512591894,72.65964092014394,21162
A03_sepsis,A_legacy,sepsis,3,10.22368421052632,10.223684210526315,560.3987896274358,542.9503848831611,-17.44840474427474,17.44840474427474,69.19801860636206,21046
A03_sepsis,A_legacy,sepsis,4,13.63157894736842,13.631578947368421,560.8155344757931,547.4860561166374,-13.3294783591557,13.3294783591557,67.63568461169271,21044
A03_sepsis,A_legacy,sepsis,5,17.03947368421053,17.039473684210527,561.1513433894442,550.1529306594064,-10.998412730037785,10.998412730037785,68.54346378276578,21760
A03_sepsis,A_legacy,sepsis,6,20.44736842105263,20.44736842105263,562.5352283392697,550.9003107825611,-11.634917556708615,11.634917556708615,68.34729090448108,22885
A03_sepsis,A_legacy,sepsis,7,23.85526315789474,23.855263157894736,564.515324039244,550.6461198570324,-13.869204182211547,13.869204182211547,67.26289683531549,21789
A03_sepsis,A_legacy,sepsis,8,27.26315789473684,27.263157894736842,565.4026943513294,550.5267232380617,-14.875971113267724,14.875971113267724,68.6205052443137,21140
A03_sepsis,A_legacy,sepsis,9,30.67105263157895,30.67105263157895,563.8010805937621,549.4193835866394,-14.381697007122739,14.381697007122739,69.93210018197885,20951
A03_sepsis,A_legacy,sepsis,10,34.07894736842105,34.078947368421055,564.01905988649,548.1223167215313,-15.896743164958707,15.896743164958707,70.11062432932489,20819
A03_sepsis,A_legacy,sepsis,11,37.48684210526316,37.48684210526316,567.9904496523931,549.6179462927196,-18.372503359673487,18.372503359673487,69.86928262541258,20766
A03_sepsis,A_legacy,sepsis,12,40.89473684210526,40.89473684210526,569.2992909416753,553.2289902998626,-16.07030064181265,16.07030064181265,67.96226615603138,22070
A03_sepsis,A_legacy,sepsis,13,44.30263157894737,44.30263157894737,566.9952070847053,553.7255620431922,-13.269645041513058,13.269645041513058,66.29442459775818,21710
A03_sepsis,A_legacy,sepsis,14,47.71052631578947,47.71052631578947,566.1030653000455,554.7149218022486,-11.388143497796932,11.388143497796932,66.8966794513655,21192
A03_sepsis,A_legacy,sepsis,15,51.11842105263158,51.11842105263158,560.438454051932,552.190392991551,-8.24806106038102,8.24806106038102,66.51787105289675,21689
A03_sepsis,A_legacy,sepsis,16,54.52631578947368,54.526315789473685,559.1539981460769,544.048536230082,-15.105461915994852,15.105461915994852,65.47300558965627,21593
A03_sepsis,A_legacy,sepsis,17,57.93421052631579,57.934210526315795,557.5640646558861,540.109340741641,-17.454723914245164,17.454723914245164,67.60364810270713,21211
A03_sepsis,A_legacy,sepsis,18,61.3421052631579,61.3421052631579,553.6478422288675,535.0823152634389,-18.565526965428603,18.565526965428603,68.86075656637568,21952
A03_sepsis,A_legacy,sepsis,19,64.75,64.75,550.1015754976037,530.8401543409526,-19.261421156651068,19.261421156651068,70.15430765155159,15495
A04_control,A_legacy,control,1,3.776315789473684,3.776315789473684,463.581574911175,221.82691327837478,-241.7546616328002,241.7546616328002,31.503710450181302,25482
A04_control,A_legacy,control,2,7.552631578947368,7.552631578947368,479.8822450752279,218.5472885456505,-261.3349565295774,261.3349565295774,30.912426769879303,23358
A04_control,A_legacy,control,3,11.32894736842105,11.328947368421053,486.8157178991975,217.09261323468175,-269.72310466451574,269.72310466451574,30.04409131539373,20040
A04_control,A_legacy,control,4,15.10526315789474,15.105263157894736,492.9779131604483,217.23031410383487,-275.7475990566134,275.7475990566134,28.189605430571337,19601
A04_control,A_legacy,control,5,18.88157894736842,18.881578947368425,509.0915952734761,216.30768973845113,-292.783905535025,292.783905535025,27.58287360722005,16386
A04_control,A_legacy,control,6,22.65789473684211,22.657894736842106,518.9359718846018,214.1483549711574,-304.7876169134444,304.7876169134444,26.89205543997322,17305
A04_control,A_legacy,control,7,26.43421052631579,26.434210526315788,523.9541438077175,210.13888127608772,-313.8152625316298,313.8152625316298,27.027859107837937,23398
A04_control,A_legacy,control,8,30.21052631578947,30.210526315789473,525.3635252468608,208.26191019468493,-317.10161505217593,317.10161505217593,27.516649035811835,19261
A04_control,A_legacy,control,9,33.98684210526316,33.98684210526316,527.2624271378364,207.2046341921734,-320.05779294566304,320.05779294566304,27.901761533646454,18385
A04_control,A_legacy,control,10,37.76315789473685,37.76315789473685,528.2306309824129,205.8054311872005,-322.4251997952124,322.4251997952124,27.72149860084111,21275
A04_control,A_legacy,control,11,41.53947368421053,41.53947368421053,529.4324597532669,206.1347016674906,-323.2977580857763,323.2977580857763,27.883740103886947,18100
A04_control,A_legacy,control,12,45.31578947368421,45.31578947368421,529.5276446960855,207.4560086453436,-322.071636050742,322.071636050742,28.573687302526874,19634
A04_control,A_legacy,control,13,49.0921052631579,49.0921052631579,529.257119815141,211.69656606200041,-317.56055375314054,317.56055375314054,26.846507672592168,25238
A04_control,A_legacy,control,14,52.86842105263158,52.868421052631575,524.5701823925508,214.33202295114438,-310.2381594414064,310.2381594414064,26.961312300225384,22314
A04_control,A_legacy,control,15,56.64473684210527,56.64473684210527,514.01630787243,214.928052845141,-299.08825502728905,299.08825502728905,29.039298507623954,19648
A04_control,A_legacy,control,16,60.42105263157895,60.421052631578945,499.5646179624673,215.85194581550454,-283.71267214696275,283.71267214696275,29.329654803239155,22738
A04_control,A_legacy,control,17,64.19736842105263,64.19736842105263,495.0250598464668,215.93465225297658,-279.0904075934902,279.0904075934902,31.005635509011007,26041
A04_control,A_legacy,control,18,67.97368421052632,67.97368421052632,486.4867244655335,216.88328988325836,-269.6034345822751,269.6034345822751,32.12552386755665,24784
A04_control,A_legacy,control,19,71.75,71.75,468.7498799456037,220.93620264637207,-247.81367729923164,247.81367729923164,33.55017912707186,16262
A04_sepsis,A_legacy,sepsis,1,3.407894736842105,3.4078947368421053,557.2336048748283,161.41325192087902,-395.8203529539493,395.8203529539493,44.158316098422226,18322
A04_sepsis,A_legacy,sepsis,2,6.815789473684211,6.815789473684211,559.2436708316217,158.854353703541,-400.3893171280807,400.3893171280807,41.839836338383684,21354
A04_sepsis,A_legacy,sepsis,3,10.22368421052632,10.223684210526315,560.3987896274358,158.2402247595832,-402.1585648678526,402.1585648678526,38.75957192069117,20583
A04_sepsis,A_legacy,sepsis,4,13.63157894736842,13.631578947368421,560.8155344757931,158.94034773737212,-401.875186738421,401.875186738421,37.44260151020481,20666
A04_sepsis,A_legacy,sepsis,5,17.03947368421053,17.039473684210527,561.1513433894442,158.4249119312881,-402.72643145815607,402.72643145815607,36.68809431884301,22070
A04_sepsis,A_legacy,sepsis,6,20.44736842105263,20.44736842105263,562.5352283392697,157.01025252667736,-405.5249758125923,405.5249758125923,34.70679197179099,23028
A04_sepsis,A_legacy,sepsis,7,23.85526315789474,23.855263157894736,564.515324039244,155.15485371333338,-409.36047032591057,409.36047032591057,33.56724191216328,21706
A04_sepsis,A_legacy,sepsis,8,27.26315789473684,27.263157894736842,565.4026943513294,154.18330156123554,-411.2193927900938,411.2193927900938,33.12502936314418,20208
A04_sepsis,A_legacy,sepsis,9,30.67105263157895,30.67105263157895,563.8010805937621,152.48333883280753,-411.31774176095456,411.31774176095456,33.15803216285222,19998
A04_sepsis,A_legacy,sepsis,10,34.07894736842105,34.078947368421055,564.01905988649,152.09132250775303,-411.927737378737,411.927737378737,33.00200979433928,19485
A04_sepsis,A_legacy,sepsis,11,37.48684210526316,37.48684210526316,567.9904496523931,153.05180446392896,-414.9386451884641,414.9386451884641,32.79584999270187,20138
A04_sepsis,A_legacy,sepsis,12,40.89473684210526,40.89473684210526,569.2992909416753,155.50664018170534,-413.79265075996994,413.79265075996994,32.71125350373348,22373
A04_sepsis,A_legacy,sepsis,13,44.30263157894737,44.30263157894737,566.9952070847053,159.2054339849589,-407.7897730997464,407.7897730997464,32.41682175883442,22652
A04_sepsis,A_legacy,sepsis,14,47.71052631578947,47.71052631578947,566.1030653000455,161.30436199635938,-404.7987033036861,404.7987033036861,33.60068206050154,21966
A04_sepsis,A_legacy,sepsis,15,51.11842105263158,51.11842105263158,560.438454051932,161.55227395093206,-398.8861801009999,398.8861801009999,35.03444679660868,21904
A04_sepsis,A_legacy,sepsis,16,54.52631578947368,54.526315789473685,559.1539981460769,162.32497784239538,-396.82902030368155,396.82902030368155,36.8552346011807,21867
A04_sepsis,A_legacy,sepsis,17,57.93421052631579,57.934210526315795,557.5640646558861,162.21310360722285,-395.3509610486633,395.3509610486633,39.5421856896382,22323
A04_sepsis,A_legacy,sepsis,18,61.3421052631579,61.3421052631579,553.6478422288675,164.02822730897884,-389.61961491988865,389.61961491988865,40.87986678268766,24647
A04_sepsis,A_legacy,sepsis,19,64.75,64.75,550.1015754976037,166.97323846027854,-383.12833703732514,383.12833703732514,42.753777517036255,15710
A05_control,A_legacy,control,1,3.776315789473684,3.776315789473684,463.581574911175,222.36957796172,-241.21199694945497,241.21199694945497,31.252035889185745,27900
A05_control,A_legacy,control,2,7.552631578947368,7.552631578947368,479.8822450752279,219.85163845123256,-260.03060662399537,260.03060662399537,30.70170579180541,24577
A05_control,A_legacy,control,3,11.32894736842105,11.328947368421053,486.8157178991975,218.41584427283945,-268.39987362635804,268.39987362635804,29.697217255984796,19788
A05_control,A_legacy,control,4,15.10526315789474,15.105263157894736,492.9779131604483,217.54195008629785,-275.43596307415044,275.43596307415044,28.452742925631707,18700
A05_control,A_legacy,control,5,18.88157894736842,18.881578947368425,509.0915952734761,216.07708754242537,-293.01450773105074,293.01450773105074,27.65007201315305,15849
A05_control,A_legacy,control,6,22.65789473684211,22.657894736842106,518.9359718846018,214.15968284370385,-304.77628904089795,304.77628904089795,26.60127330456874,17094
A05_control,A_legacy,control,7,26.43421052631579,26.434210526315788,523.9541438077175,210.79177518881045,-313.16236861890707,313.16236861890707,27.215856052432404,23815
A05_control,A_legacy,control,8,30.21052631578947,30.210526315789473,525.3635252468608,209.16111646017913,-316.2024087866817,316.2024087866817,27.62084282826173,18977
A05_control,A_legacy,control,9,33.98684210526316,33.98684210526316,527.2624271378364,207.7973607405745,-319.4650663972619,319.4650663972619,27.92106893162757,17603
A05_control,A_legacy,control,10,37.76315789473685,37.76315789473685,528.2306309824129,206.23405483272947,-321.9965761496834,321.9965761496834,27.609157658096958,20836
A05_control,A_legacy,control,11,41.53947368421053,41.53947368421053,529.4324597532669,206.7301953021969,-322.70226445107005,322.70226445107005,27.594563141378135,17920
A05_control,A_legacy,control,12,45.31578947368421,45.31578947368421,529.5276446960855,207.84784260841948,-321.6798020876661,321.6798020876661,28.41553879179917,19150
A05_control,A_legacy,control,13,49.0921052631579,49.0921052631579,529.257119815141,212.3329579317614,-316.9241618833796,316.9241618833796,27.113995117488813,25258
A05_control,A_legacy,control,14,52.86842105263158,52.868421052631575,524.5701823925508,214.6913748450054,-309.8788075475454,309.8788075475454,26.76061140101523,21734
A05_control,A_legacy,control,15,56.64473684210527,56.64473684210527,514.01630787243,215.27028606335838,-298.74602180907164,298.74602180907164,28.912393607134206,19277
A05_control,A_legacy,control,16,60.42105263157895,60.421052631578945,499.5646179624673,216.48303548849609,-283.08158247397125,283.08158247397125,29.24314099065435,22477
A05_control,A_legacy,control,17,64.19736842105263,64.19736842105263,495.0250598464668,216.6418270586036,-278.38323278786316,278.38323278786316,30.56441178475647,25549
A05_control,A_legacy,control,18,67.97368421052632,67.97368421052632,486.4867244655335,218.54575586287203,-267.9409686026614,267.9409686026614,32.05986747576634,25517
A05_control,A_legacy,control,19,71.75,71.75,468.7498799456037,221.58731461700486,-247.16256532859884,247.16256532859884,33.723756540443325,17229
A05_sepsis,A_legacy,sepsis,1,3.407894736842105,3.4078947368421053,557.2336048748283,162.06832968288666,-395.16527519194165,395.16527519194165,44.38031204193382,19020
A05_sepsis,A_legacy,sepsis,2,6.815789473684211,6.815789473684211,559.2436708316217,159.96475159311004,-399.27891923851166,399.27891923851166,41.58613551689536,21213
A05_sepsis,A_legacy,sepsis,3,10.22368421052632,10.223684210526315,560.3987896274358,157.8431219795736,-402.5556676478622,402.5556676478622,38.78338186516415,20334
A05_sepsis,A_legacy,sepsis,4,13.63157894736842,13.631578947368421,560.8155344757931,159.11189809989358,-401.7036363758996,401.7036363758996,37.226956479946935,20331
A05_sepsis,A_legacy,sepsis,5,17.03947368421053,17.039473684210527,561.1513433894442,158.72160260693744,-402.4297407825067,402.4297407825067,36.24168311486441,22378
A05_sepsis,A_legacy,sepsis,6,20.44736842105263,20.44736842105263,562.5352283392697,157.52908860183138,-405.0061397374383,405.0061397374383,34.7709268439875,22637
A05_sepsis,A_legacy,sepsis,7,23.85526315789474,23.855263157894736,564.515324039244,155.6978889172531,-408.8174351219909,408.8174351219909,33.60883945375073,21184
A05_sepsis,A_legacy,sepsis,8,27.26315789473684,27.263157894736842,565.4026943513294,154.18805656236117,-411.2146377889682,411.2146377889682,33.18342129651844,19365
A05_sepsis,A_legacy,sepsis,9,30.67105263157895,30.67105263157895,563.8010805937621,152.82318140271843,-410.97789919104366,410.97789919104366,33.069243558127404,18984
A05_sepsis,A_legacy,sepsis,10,34.07894736842105,34.078947368421055,564.01905988649,152.79020023792728,-411.2288596485628,411.2288596485628,33.39507535203585,18784
A05_sepsis,A_legacy,sepsis,11,37.48684210526316,37.48684210526316,567.9904496523931,153.23444299955548,-414.7560066528376,414.7560066528376,32.72210671423483,20023
A05_sepsis,A_legacy,sepsis,12,40.89473684210526,40.89473684210526,569.2992909416753,156.07570386606807,-413.2235870756072,413.2235870756072,32.6450308064889,22360
A05_sepsis,A_legacy,sepsis,13,44.30263157894737,44.30263157894737,566.9952070847053,159.71150766461156,-407.28369942009374,407.28369942009374,31.86584609045332,22722
A05_sepsis,A_legacy,sepsis,14,47.71052631578947,47.71052631578947,566.1030653000455,161.5668205107698,-404.5362447892757,404.5362447892757,33.06193852466697,22287
A05_sepsis,A_legacy,sepsis,15,51.11842105263158,51.11842105263158,560.438454051932,162.18301409670997,-398.2554399552221,398.2554399552221,34.917571953364615,21808
A05_sepsis,A_legacy,sepsis,16,54.52631578947368,54.526315789473685,559.1539981460769,162.31238189882046,-396.8416162472564,396.8416162472564,36.816681296573954,21780
A05_sepsis,A_legacy,sepsis,17,57.93421052631579,57.934210526315795,557.5640646558861,163.06615653095923,-394.4979081249269,394.4979081249269,39.10362852549943,23060
A05_sepsis,A_legacy,sepsis,18,61.3421052631579,61.3421052631579,553.6478422288675,165.4042507883924,-388.2435914404751,388.2435914404751,40.97069366473071,26799
A05_sepsis,A_legacy,sepsis,19,64.75,64.75,550.1015754976037,167.973916415044,-382.1276590825597,382.1276590825597,42.42006096365322,15931
A06_control,A_legacy,control,1,3.776315789473684,3.776315789473684,463.581574911175,221.3360081155305,-242.2455667956445,242.2455667956445,31.504399037933315,22732
A06_control,A_legacy,control,2,7.552631578947368,7.552631578947368,479.8822450752279,218.5675499972257,-261.31469507800216,261.31469507800216,31.31046749129566,21864
A06_control,A_legacy,control,3,11.32894736842105,11.328947368421053,486.8157178991975,217.32886719018725,-269.48685070901024,269.48685070901024,29.748087609087918,20328
A06_control,A_legacy,control,4,15.10526315789474,15.105263157894736,492.9779131604483,216.8436447500399,-276.13426841040837,276.13426841040837,28.438862672222662,20696
A06_control,A_legacy,control,5,18.88157894736842,18.881578947368425,509.0915952734761,216.08253855688017,-293.009056716596,293.009056716596,27.107379689363448,17696
A06_control,A_legacy,control,6,22.65789473684211,22.657894736842106,518.9359718846018,214.41559396452485,-304.52037792007695,304.52037792007695,27.1757785007281,18105
A06_control,A_legacy,control,7,26.43421052631579,26.434210526315788,523.9541438077175,210.28953724574063,-313.6646065619769,313.6646065619769,26.639902953009013,23978
A06_control,A_legacy,control,8,30.21052631578947,30.210526315789473,525.3635252468608,207.6775895512166,-317.6859356956442,317.6859356956442,27.48032161842233,19992
A06_control,A_legacy,control,9,33.98684210526316,33.98684210526316,527.2624271378364,206.66335050877257,-320.59907662906386,320.59907662906386,28.088389050777884,19639
A06_control,A_legacy,control,10,37.76315789473685,37.76315789473685,528.2306309824129,205.8785767027212,-322.3520542796917,322.3520542796917,27.76206542420893,22441
A06_control,A_legacy,control,11,41.53947368421053,41.53947368421053,529.4324597532669,206.7583195326737,-322.67414022059324,322.67414022059324,28.127835863391187,19129
A06_control,A_legacy,control,12,45.31578947368421,45.31578947368421,529.5276446960855,206.73176784334666,-322.79587685273884,322.79587685273884,28.563674979028505,19737
A06_control,A_legacy,control,13,49.0921052631579,49.0921052631579,529.257119815141,211.323245485154,-317.933874329987,317.933874329987,27.205449436750015,25380
A06_control,A_legacy,control,14,52.86842105263158,52.868421052631575,524.5701823925508,213.78748390542802,-310.7826984871228,310.7826984871228,27.48747019743238,22686
A06_control,A_legacy,control,15,56.64473684210527,56.64473684210527,514.01630787243,214.68731549533717,-299.32899237709285,299.32899237709285,29.007202391949786,19946
A06_control,A_legacy,control,16,60.42105263157895,60.421052631578945,499.5646179624673,215.60518888723072,-283.9594290752366,283.9594290752366,29.332967529072597,23066
A06_control,A_legacy,control,17,64.19736842105263,64.19736842105263,495.0250598464668,215.50892369313277,-279.516136153334,279.516136153334,31.34876481422661,24623
A06_control,A_legacy,control,18,67.97368421052632,67.97368421052632,486.4867244655335,216.99042830049555,-269.49629616503796,269.49629616503796,31.989577274139563,21920
A06_control,A_legacy,control,19,71.75,71.75,468.7498799456037,221.30412238298396,-247.44575756261975,247.44575756261975,33.872002790101696,15292
A06_sepsis,A_legacy,sepsis,1,3.407894736842105,3.4078947368421053,557.2336048748283,160.92045321000782,-396.31315166482045,396.31315166482045,44.45269203318715,19392
A06_sepsis,A_legacy,sepsis,2,6.815789473684211,6.815789473684211,559.2436708316217,157.82961115579982,-401.4140596758218,401.4140596758218,41.87688826449148,21068
A06_sepsis,A_legacy,sepsis,3,10.22368421052632,10.223684210526315,560.3987896274358,157.54880991238574,-402.84997971505004,402.84997971505004,38.982238031492464,21154
A06_sepsis,A_legacy,sepsis,4,13.63157894736842,13.631578947368421,560.8155344757931,158.53577664446027,-402.27975783133286,402.27975783133286,37.5617834845918,21144
A06_sepsis,A_legacy,sepsis,5,17.03947368421053,17.039473684210527,561.1513433894442,158.2063746619181,-402.9449687275261,402.9449687275261,36.30740445065917,21920
A06_sepsis,A_legacy,sepsis,6,20.44736842105263,20.44736842105263,562.5352283392697,156.69154129120693,-405.84368704806275,405.84368704806275,34.78135075390323,23126
A06_sepsis,A_legacy,sepsis,7,23.85526315789474,23.855263157894736,564.515324039244,155.16055404318703,-409.3547699960569,409.3547699960569,33.34769260480447,22021
A06_sepsis,A_legacy,sepsis,8,27.26315789473684,27.263157894736842,565.4026943513294,153.4187843548186,-411.98390999651076,411.98390999651076,33.397646043976835,21186
A06_sepsis,A_legacy,sepsis,9,30.67105263157895,30.67105263157895,563.8010805937621,151.8082644730867,-411.9928161206754,411.9928161206754,33.48010847662674,20646
A06_sepsis,A_legacy,sepsis,10,34.07894736842105,34.078947368421055,564.01905988649,151.7380602887209,-412.2809995977691,412.2809995977691,33.043954232560516,20242
A06_sepsis,A_legacy,sepsis,11,37.48684210526316,37.48684210526316,567.9904496523931,152.69054154395917,-415.2999081084339,415.2999081084339,33.40934511989018,20507
A06_sepsis,A_legacy,sepsis,12,40.89473684210526,40.89473684210526,569.2992909416753,155.52642876784688,-413.7728621738284,413.7728621738284,32.476628283834046,22135
A06_sepsis,A_legacy,sepsis,13,44.30263157894737,44.30263157894737,566.9952070847053,158.67015692357342,-408.32505016113186,408.32505016113186,32.807347106242915,21939
A06_sepsis,A_legacy,sepsis,14,47.71052631578947,47.71052631578947,566.1030653000455,161.13165175020626,-404.9714135498392,404.9714135498392,34.02024184439594,21425
A06_sepsis,A_legacy,sepsis,15,51.11842105263158,51.11842105263158,560.438454051932,161.63910692684405,-398.79934712508793,398.79934712508793,35.5971434176067,21847
A06_sepsis,A_legacy,sepsis,16,54.52631578947368,54.526315789473685,559.1539981460769,161.41251799806338,-397.7414801480135,397.7414801480135,37.28949338367374,21726
A06_sepsis,A_legacy,sepsis,17,57.93421052631579,57.934210526315795,557.5640646558861,162.6947155636396,-394.8693490922465,394.8693490922465,39.36298461980214,21149
A06_sepsis,A_legacy,sepsis,18,61.3421052631579,61.3421052631579,553.6478422288675,164.07118281057095,-389.5766594182966,389.5766594182966,41.193887072117384,21705
A06_sepsis,A_legacy,sepsis,19,64.75,64.75,550.1015754976037,167.0312820346341,-383.0702934629696,383.0702934629696,42.91121773361482,15565
A07_control,A_legacy,control,1,3.776315789473684,3.776315789473684,463.581574911175,446.24188006394587,-17.33969484722911,17.33969484722911,49.02073735664545,25471
A07_control,A_legacy,control,2,7.552631578947368,7.552631578947368,479.8822450752279,465.9657087351338,-13.916536340094126,13.916536340094126,45.10175851593287,23382
A07_control,A_legacy,control,3,11.32894736842105,11.328947368421053,486.8157178991975,477.56823606632423,-9.24748183287329,9.24748183287329,40.5280389283508,19838
A07_control,A_legacy,control,4,15.10526315789474,15.105263157894736,492.9779131604483,496.29779089221273,3.31987773176445,3.31987773176445,34.68236288625613,19739
A07_control,A_legacy,control,5,18.88157894736842,18.881578947368425,509.0915952734761,512.9708222636792,3.879226990203108,3.879226990203108,30.367918379253172,16437
A07_control,A_legacy,control,6,22.65789473684211,22.657894736842106,518.9359718846018,518.5352072773038,-0.4007646072980151,0.4007646072980151,30.120129902356407,17482
A07_control,A_legacy,control,7,26.43421052631579,26.434210526315788,523.9541438077175,520.937658889331,-3.0164849183864817,3.0164849183864817,30.110055916662965,23159
A07_control,A_legacy,control,8,30.21052631578947,30.210526315789473,525.3635252468608,520.7196491560251,-4.643876090835761,4.643876090835761,31.00164849585865,19325
A07_control,A_legacy,control,9,33.98684210526316,33.98684210526316,527.2624271378364,521.3408030304097,-5.921624107426737,5.921624107426737,31.401642749626017,18522
A07_control,A_legacy,control,10,37.76315789473685,37.76315789473685,528.2306309824129,522.3660161457827,-5.864614836630153,5.864614836630153,31.67984480443235,20920
A07_control,A_legacy,control,11,41.53947368421053,41.53947368421053,529.4324597532669,524.4520027553508,-4.9804569979161215,4.9804569979161215,31.43834381101552,18313
A07_control,A_legacy,control,12,45.31578947368421,45.31578947368421,529.5276446960855,525.7315176360579,-3.7961270600276293,3.7961270600276293,31.50947462180472,19773
A07_control,A_legacy,control,13,49.0921052631579,49.0921052631579,529.257119815141,527.0869689812589,-2.170150833882076,2.170150833882076,30.77464193333625,25112
A07_control,A_legacy,control,14,52.86842105263158,52.868421052631575,524.5701823925508,524.7063912432859,0.1362088507351018,0.1362088507351018,30.455263693364284,22293
A07_control,A_legacy,control,15,56.64473684210527,56.64473684210527,514.01630787243,518.1233752252948,4.10706735286476,4.10706735286476,31.739767659968944,19691
A07_control,A_legacy,control,16,60.42105263157895,60.421052631578945,499.5646179624673,500.2879559907084,0.7233380282410735,0.7233380282410735,37.06797638812261,23220
A07_control,A_legacy,control,17,64.19736842105263,64.19736842105263,495.0250598464668,484.3825203115426,-10.642539534924197,10.642539534924197,43.833246476237555,25500
A07_control,A_legacy,control,18,67.97368421052632,67.97368421052632,486.4867244655335,471.19331063118517,-15.293413834348314,15.293413834348314,48.641584218385056,24831
A07_control,A_legacy,control,19,71.75,71.75,468.7498799456037,447.8487192370034,-20.901160708600287,20.901160708600287,50.37065734405641,16240
A07_sepsis,A_legacy,sepsis,1,3.407894736842105,3.4078947368421053,557.2336048748283,544.2257030018137,-13.007901873014589,13.007901873014589,74.60047600341454,18377
A07_sepsis,A_legacy,sepsis,2,6.815789473684211,6.815789473684211,559.2436708316217,544.7381427337968,-14.505528097824822,14.505528097824822,72.47116266808827,21543
A07_sepsis,A_legacy,sepsis,3,10.22368421052632,10.223684210526315,560.3987896274358,546.5607762144433,-13.838013412992495,13.838013412992495,68.04018041397576,20507
A07_sepsis,A_legacy,sepsis,4,13.63157894736842,13.631578947368421,560.8155344757931,549.8037045841355,-11.011829891657612,11.011829891657612,66.96734997586353,20508
A07_sepsis,A_legacy,sepsis,5,17.03947368421053,17.039473684210527,561.1513433894442,552.797774759696,-8.35356862974811,8.35356862974811,68.99739929468574,21890
A07_sepsis,A_legacy,sepsis,6,20.44736842105263,20.44736842105263,562.5352283392697,554.0804052757566,-8.454823063513118,8.454823063513118,68.05258753480224,22766
A07_sepsis,A_legacy,sepsis,7,23.85526315789474,23.855263157894736,564.515324039244,553.6496621387237,-10.865661900520308,10.865661900520308,67.77513941078351,21487
A07_sepsis,A_legacy,sepsis,8,27.26315789473684,27.263157894736842,565.4026943513294,553.4988794125505,-11.90381493877885,11.90381493877885,68.27847829214917,20137
A07_sepsis,A_legacy,sepsis,9,30.67105263157895,30.67105263157895,563.8010805937621,552.912825274956,-10.888255318806046,10.888255318806046,68.93079459342633,20349
A07_sepsis,A_legacy,sepsis,10,34.07894736842105,34.078947368421055,564.01905988649,551.0963298893456,-12.922729997144415,12.922729997144415,69.56532754060657,20019
A07_sepsis,A_legacy,sepsis,11,37.48684210526316,37.48684210526316,567.9904496523931,554.092468326742,-13.897981325651017,13.897981325651017,68.723963315979,20416
A07_sepsis,A_legacy,sepsis,12,40.89473684210526,40.89473684210526,569.2992909416753,555.8593309038264,-13.439960037848891,13.439960037848891,67.31316201733623,22268
A07_sepsis,A_legacy,sepsis,13,44.30263157894737,44.30263157894737,566.9952070847053,557.5870161400871,-9.408190944618127,9.408190944618127,65.65674578548877,22405
A07_sepsis,A_legacy,sepsis,14,47.71052631578947,47.71052631578947,566.1030653000455,557.8709811229392,-8.232084177106344,8.232084177106344,66.85785402958643,21809
A07_sepsis,A_legacy,sepsis,15,51.11842105263158,51.11842105263158,560.438454051932,553.9299487790283,-6.508505272903676,6.508505272903676,66.03822572681091,21732
A07_sepsis,A_legacy,sepsis,16,54.52631578947368,54.526315789473685,559.1539981460769,547.1434756404742,-12.010522505602694,12.010522505602694,65.11196770117837,21743
A07_sepsis,A_legacy,sepsis,17,57.93421052631579,57.934210526315795,557.5640646558861,541.335510266204,-16.22855438968213,16.22855438968213,68.17558370944839,22334
A07_sepsis,A_legacy,sepsis,18,61.3421052631579,61.3421052631579,553.6478422288675,536.5236102050482,-17.12423202381933,17.12423202381933,69.14941113525086,24807
A07_sepsis,A_legacy,sepsis,19,64.75,64.75,550.1015754976037,530.4676866045631,-19.633888893040535,19.633888893040535,68.78698468091264,15746
A08_control,A_legacy,control,1,3.776315789473684,3.776315789473684,463.581574911175,455.0145317304694,-8.567043180705582,8.567043180705582,50.8278811547914,39347
A08_control,A_legacy,control,2,7.552631578947368,7.552631578947368,479.8822450752279,470.96461730283363,-8.917627772394269,8.917627772394269,45.791988722050526,39321
A08_control,A_legacy,control,3,11.32894736842105,11.328947368421053,486.8157178991975,478.8456577484344,-7.970060150763118,7.970060150763118,41.33618017503818,41639
A08_control,A_legacy,control,4,15.10526315789474,15.105263157894736,492.9779131604483,496.759152643958,3.781239483509694,3.781239483509694,34.60056721399072,46122
A08_control,A_legacy,control,5,18.88157894736842,18.881578947368425,509.0915952734761,512.5044654340007,3.4128701605246192,3.4128701605246192,30.60639628172786,39565
A08_control,A_legacy,control,6,22.65789473684211,22.657894736842106,518.9359718846018,518.2691938353219,-0.6667780492799693,0.6667780492799693,30.292793652587516,40458
A08_control,A_legacy,control,7,26.43421052631579,26.434210526315788,523.9541438077175,521.3966806881757,-2.557463119541808,2.557463119541808,30.981752579948665,48356
A08_control,A_legacy,control,8,30.21052631578947,30.210526315789473,525.3635252468608,521.9910999240203,-3.372425322840513,3.372425322840513,31.641805344024952,40722
A08_control,A_legacy,control,9,33.98684210526316,33.98684210526316,527.2624271378364,522.5259283232546,-4.736498814581864,4.736498814581864,31.68470985530804,40961
A08_control,A_legacy,control,10,37.76315789473685,37.76315789473685,528.2306309824129,523.2898113671616,-4.940819615251257,4.940819615251257,32.05459688630981,46786
A08_control,A_legacy,control,11,41.53947368421053,41.53947368421053,529.4324597532669,524.7885997595371,-4.643859993729848,4.643859993729848,32.09344458707396,40747
A08_control,A_legacy,control,12,45.31578947368421,45.31578947368421,529.5276446960855,525.6100075287111,-3.917637167374437,3.917637167374437,31.52840998752014,41010
A08_control,A_legacy,control,13,49.0921052631579,49.0921052631579,529.257119815141,526.8753565001298,-2.3817633150111988,2.3817633150111988,31.06196313027781,47677
A08_control,A_legacy,control,14,52.86842105263158,52.868421052631575,524.5701823925508,524.8682978028868,0.2981154103359813,0.2981154103359813,31.301519857294274,42944
A08_control,A_legacy,control,15,56.64473684210527,56.64473684210527,514.01630787243,518.2757991410836,4.259491268653505,4.259491268653505,32.282562395432464,39549
A08_control,A_legacy,control,16,60.42105263157895,60.421052631578945,499.5646179624673,501.0367114801177,1.4720935176503644,1.4720935176503644,37.6364321248203,45448
A08_control,A_legacy,control,17,64.19736842105263,64.19736842105263,495.0250598464668,486.07981309995375,-8.945246746513021,8.945246746513021,44.3988016837135,43661
A08_control,A_legacy,control,18,67.97368421052632,67.97368421052632,486.4867244655335,477.66773441039584,-8.818990055137647,8.818990055137647,49.01773058611723,39074
A08_control,A_legacy,control,19,71.75,71.75,468.7498799456037,460.7158333979304,-8.034046547673313,8.034046547673313,52.918278957669656,28645
A08_sepsis,A_legacy,sepsis,1,3.407894736842105,3.4078947368421053,557.2336048748283,542.5710871246682,-14.662517750160077,14.662517750160077,75.46395389903968,30059
A08_sepsis,A_legacy,sepsis,2,6.815789473684211,6.815789473684211,559.2436708316217,543.5035278616659,-15.740142969955741,15.740142969955741,72.97557133437279,32284
A08_sepsis,A_legacy,sepsis,3,10.22368421052632,10.223684210526315,560.3987896274358,546.298701939531,-14.100087687904761,14.100087687904761,68.43394842384951,31931
A08_sepsis,A_legacy,sepsis,4,13.63157894736842,13.631578947368421,560.8155344757931,549.5971279858596,-11.2184064899335,11.2184064899335,67.16417768910908,32256
A08_sepsis,A_legacy,sepsis,5,17.03947368421053,17.039473684210527,561.1513433894442,552.4239585925135,-8.727384796930664,8.727384796930664,68.12194645919787,33546
A08_sepsis,A_legacy,sepsis,6,20.44736842105263,20.44736842105263,562.5352283392697,553.210682342953,-9.324545996316715,9.324545996316715,67.69463298660742,33779
A08_sepsis,A_legacy,sepsis,7,23.85526315789474,23.855263157894736,564.515324039244,552.0543557283946,-12.460968310849353,12.460968310849353,67.52050961876144,32675
A08_sepsis,A_legacy,sepsis,8,27.26315789473684,27.263157894736842,565.4026943513294,551.8450859137081,-13.557608437621298,13.557608437621298,68.60519330658316,32216
A08_sepsis,A_legacy,sepsis,9,30.67105263157895,30.67105263157895,563.8010805937621,551.2315143359116,-12.56956625785051,12.56956625785051,68.73714684914978,32294
A08_sepsis,A_legacy,sepsis,10,34.07894736842105,34.078947368421055,564.01905988649,549.8059867116903,-14.213073174799774,14.213073174799774,69.57234406930698,31639
A08_sepsis,A_legacy,sepsis,11,37.48684210526316,37.48684210526316,567.9904496523931,552.7054306681555,-15.285018984237581,15.285018984237581,68.76089904627668,31793
A08_sepsis,A_legacy,sepsis,12,40.89473684210526,40.89473684210526,569.2992909416753,555.6675412354799,-13.631749706195365,13.631749706195365,67.17266459985979,33084
A08_sepsis,A_legacy,sepsis,13,44.30263157894737,44.30263157894737,566.9952070847053,557.1890026655973,-9.806204419107985,9.806204419107985,65.98710564588157,33134
A08_sepsis,A_legacy,sepsis,14,47.71052631578947,47.71052631578947,566.1030653000455,557.3270159577862,-8.776049342259284,8.776049342259284,67.22505259546371,32595
A08_sepsis,A_legacy,sepsis,15,51.11842105263158,51.11842105263158,560.438454051932,553.8446347213021,-6.593819330629913,6.593819330629913,66.49571291268856,32796
A08_sepsis,A_legacy,sepsis,16,54.52631578947368,54.526315789473685,559.1539981460769,547.4203322279079,-11.733665918168981,11.733665918168981,65.07263175467465,32228
A08_sepsis,A_legacy,sepsis,17,57.93421052631579,57.934210526315795,557.5640646558861,541.4530295471818,-16.1110351087043,16.1110351087043,67.7114455599317,31675
A08_sepsis,A_legacy,sepsis,18,61.3421052631579,61.3421052631579,553.6478422288675,536.7584238351701,-16.889418393697383,16.889418393697383,70.10723341881113,32306
A08_sepsis,A_legacy,sepsis,19,64.75,64.75,550.1015754976037,532.2412002195803,-17.86037527802341,17.86037527802341,70.23112511946705,22452
FIXED_A_legacy_control,A_legacy,control,1,3.776315789473684,3.776315789473684,463.581574911175,455.0145317304694,-8.567043180705582,8.567043180705582,50.8278811547914,39347
FIXED_A_legacy_control,A_legacy,control,2,7.552631578947368,7.552631578947368,479.8822450752279,470.96461730283363,-8.917627772394269,8.917627772394269,45.791988722050526,39321
FIXED_A_legacy_control,A_legacy,control,3,11.32894736842105,11.328947368421053,486.8157178991975,478.8456577484344,-7.970060150763118,7.970060150763118,41.33618017503818,41639
FIXED_A_legacy_control,A_legacy,control,4,15.10526315789474,15.105263157894736,492.9779131604483,496.759152643958,3.781239483509694,3.781239483509694,34.60056721399072,46122
FIXED_A_legacy_control,A_legacy,control,5,18.88157894736842,18.881578947368425,509.0915952734761,512.5044654340007,3.4128701605246192,3.4128701605246192,30.60639628172786,39565
FIXED_A_legacy_control,A_legacy,control,6,22.65789473684211,22.657894736842106,518.9359718846018,518.2691938353219,-0.6667780492799693,0.6667780492799693,30.292793652587516,40458
FIXED_A_legacy_control,A_legacy,control,7,26.43421052631579,26.434210526315788,523.9541438077175,521.3966806881757,-2.557463119541808,2.557463119541808,30.981752579948665,48356
FIXED_A_legacy_control,A_legacy,control,8,30.21052631578947,30.210526315789473,525.3635252468608,521.9910999240203,-3.372425322840513,3.372425322840513,31.641805344024952,40722
FIXED_A_legacy_control,A_legacy,control,9,33.98684210526316,33.98684210526316,527.2624271378364,522.5259283232546,-4.736498814581864,4.736498814581864,31.68470985530804,40961
FIXED_A_legacy_control,A_legacy,control,10,37.76315789473685,37.76315789473685,528.2306309824129,523.2898113671616,-4.940819615251257,4.940819615251257,32.05459688630981,46786
FIXED_A_legacy_control,A_legacy,control,11,41.53947368421053,41.53947368421053,529.4324597532669,524.7885997595371,-4.643859993729848,4.643859993729848,32.09344458707396,40747
FIXED_A_legacy_control,A_legacy,control,12,45.31578947368421,45.31578947368421,529.5276446960855,525.6100075287111,-3.917637167374437,3.917637167374437,31.52840998752014,41010
FIXED_A_legacy_control,A_legacy,control,13,49.0921052631579,49.0921052631579,529.257119815141,526.8753565001298,-2.3817633150111988,2.3817633150111988,31.06196313027781,47677
FIXED_A_legacy_control,A_legacy,control,14,52.86842105263158,52.868421052631575,524.5701823925508,524.8682978028868,0.2981154103359813,0.2981154103359813,31.301519857294274,42944
FIXED_A_legacy_control,A_legacy,control,15,56.64473684210527,56.64473684210527,514.01630787243,518.2757991410836,4.259491268653505,4.259491268653505,32.282562395432464,39549
FIXED_A_legacy_control,A_legacy,control,16,60.42105263157895,60.421052631578945,499.5646179624673,501.0367114801177,1.4720935176503644,1.4720935176503644,37.6364321248203,45448
FIXED_A_legacy_control,A_legacy,control,17,64.19736842105263,64.19736842105263,495.0250598464668,486.07981309995375,-8.945246746513021,8.945246746513021,44.3988016837135,43661
FIXED_A_legacy_control,A_legacy,control,18,67.97368421052632,67.97368421052632,486.4867244655335,477.66773441039584,-8.818990055137647,8.818990055137647,49.01773058611723,39074
FIXED_A_legacy_control,A_legacy,control,19,71.75,71.75,468.7498799456037,460.7158333979304,-8.034046547673313,8.034046547673313,52.918278957669656,28645
FIXED_A_legacy_sepsis,A_legacy,sepsis,1,3.407894736842105,3.4078947368421053,557.2336048748283,542.5710871246682,-14.662517750160077,14.662517750160077,75.46395389903968,30059
FIXED_A_legacy_sepsis,A_legacy,sepsis,2,6.815789473684211,6.815789473684211,559.2436708316217,543.5035278616659,-15.740142969955741,15.740142969955741,72.97557133437279,32284
FIXED_A_legacy_sepsis,A_legacy,sepsis,3,10.22368421052632,10.223684210526315,560.3987896274358,546.298701939531,-14.100087687904761,14.100087687904761,68.43394842384951,31931
FIXED_A_legacy_sepsis,A_legacy,sepsis,4,13.63157894736842,13.631578947368421,560.8155344757931,549.5971279858596,-11.2184064899335,11.2184064899335,67.16417768910908,32256
FIXED_A_legacy_sepsis,A_legacy,sepsis,5,17.03947368421053,17.039473684210527,561.1513433894442,552.4239585925135,-8.727384796930664,8.727384796930664,68.12194645919787,33546
FIXED_A_legacy_sepsis,A_legacy,sepsis,6,20.44736842105263,20.44736842105263,562.5352283392697,553.210682342953,-9.324545996316715,9.324545996316715,67.69463298660742,33779
FIXED_A_legacy_sepsis,A_legacy,sepsis,7,23.85526315789474,23.855263157894736,564.515324039244,552.0543557283946,-12.460968310849353,12.460968310849353,67.52050961876144,32675
FIXED_A_legacy_sepsis,A_legacy,sepsis,8,27.26315789473684,27.263157894736842,565.4026943513294,551.8450859137081,-13.557608437621298,13.557608437621298,68.60519330658316,32216
FIXED_A_legacy_sepsis,A_legacy,sepsis,9,30.67105263157895,30.67105263157895,563.8010805937621,551.2315143359116,-12.56956625785051,12.56956625785051,68.73714684914978,32294
FIXED_A_legacy_sepsis,A_legacy,sepsis,10,34.07894736842105,34.078947368421055,564.01905988649,549.8059867116903,-14.213073174799774,14.213073174799774,69.57234406930698,31639
FIXED_A_legacy_sepsis,A_legacy,sepsis,11,37.48684210526316,37.48684210526316,567.9904496523931,552.7054306681555,-15.285018984237581,15.285018984237581,68.76089904627668,31793
FIXED_A_legacy_sepsis,A_legacy,sepsis,12,40.89473684210526,40.89473684210526,569.2992909416753,555.6675412354799,-13.631749706195365,13.631749706195365,67.17266459985979,33084
FIXED_A_legacy_sepsis,A_legacy,sepsis,13,44.30263157894737,44.30263157894737,566.9952070847053,557.1890026655973,-9.806204419107985,9.806204419107985,65.98710564588157,33134
FIXED_A_legacy_sepsis,A_legacy,sepsis,14,47.71052631578947,47.71052631578947,566.1030653000455,557.3270159577862,-8.776049342259284,8.776049342259284,67.22505259546371,32595
FIXED_A_legacy_sepsis,A_legacy,sepsis,15,51.11842105263158,51.11842105263158,560.438454051932,553.8446347213021,-6.593819330629913,6.593819330629913,66.49571291268856,32796
FIXED_A_legacy_sepsis,A_legacy,sepsis,16,54.52631578947368,54.526315789473685,559.1539981460769,547.4203322279079,-11.733665918168981,11.733665918168981,65.07263175467465,32228
FIXED_A_legacy_sepsis,A_legacy,sepsis,17,57.93421052631579,57.934210526315795,557.5640646558861,541.4530295471818,-16.1110351087043,16.1110351087043,67.7114455599317,31675
FIXED_A_legacy_sepsis,A_legacy,sepsis,18,61.3421052631579,61.3421052631579,553.6478422288675,536.7584238351701,-16.889418393697383,16.889418393697383,70.10723341881113,32306
FIXED_A_legacy_sepsis,A_legacy,sepsis,19,64.75,64.75,550.1015754976037,532.2412002195803,-17.86037527802341,17.86037527802341,70.23112511946705,22452
FIXED_B_conventional_frames_control,B_conventional_frames,control,1,3.776315789473684,3.776315789473684,463.581574911175,455.2636075956691,-8.317967315505882,8.317967315505882,50.528761055647706,39349
FIXED_B_conventional_frames_control,B_conventional_frames,control,2,7.552631578947368,7.552631578947368,479.8822450752279,471.0199976135229,-8.86224746170501,8.86224746170501,45.8484272140999,39324
FIXED_B_conventional_frames_control,B_conventional_frames,control,3,11.32894736842105,11.328947368421053,486.8157178991975,478.390371891993,-8.425346007204496,8.425346007204496,41.30445599143765,41791
FIXED_B_conventional_frames_control,B_conventional_frames,control,4,15.10526315789474,15.105263157894736,492.9779131604483,496.50540720644983,3.52749404600155,3.52749404600155,34.58715532763301,45969
FIXED_B_conventional_frames_control,B_conventional_frames,control,5,18.88157894736842,18.881578947368425,509.0915952734761,511.6460011107396,2.5544058372634595,2.5544058372634595,30.71630615886096,39575
FIXED_B_conventional_frames_control,B_conventional_frames,control,6,22.65789473684211,22.657894736842106,518.9359718846018,517.6814912372511,-1.2544806473507606,1.2544806473507606,30.076721054715605,40434
FIXED_B_conventional_frames_control,B_conventional_frames,control,7,26.43421052631579,26.434210526315788,523.9541438077175,521.0566218178535,-2.8975219898640034,2.8975219898640034,30.824265470086367,48339
FIXED_B_conventional_frames_control,B_conventional_frames,control,8,30.21052631578947,30.210526315789473,525.3635252468608,521.5377354939529,-3.8257897529078946,3.8257897529078946,31.5817453397115,40742
FIXED_B_conventional_frames_control,B_conventional_frames,control,9,33.98684210526316,33.98684210526316,527.2624271378364,522.1874137456633,-5.075013392173105,5.075013392173105,31.700897262126013,40952
FIXED_B_conventional_frames_control,B_conventional_frames,control,10,37.76315789473685,37.76315789473685,528.2306309824129,522.6473727965031,-5.583258185909813,5.583258185909813,32.02815440095105,46898
FIXED_B_conventional_frames_control,B_conventional_frames,control,11,41.53947368421053,41.53947368421053,529.4324597532669,524.4398140875386,-4.9926456657283325,4.9926456657283325,31.972978943878452,40656
FIXED_B_conventional_frames_control,B_conventional_frames,control,12,45.31578947368421,45.31578947368421,529.5276446960855,525.2682044724552,-4.2594402236303495,4.2594402236303495,31.521502911694295,40988
FIXED_B_conventional_frames_control,B_conventional_frames,control,13,49.0921052631579,49.0921052631579,529.257119815141,526.3133711582367,-2.9437486569042903,2.9437486569042903,30.805454417389612,47763
FIXED_B_conventional_frames_control,B_conventional_frames,control,14,52.86842105263158,52.868421052631575,524.5701823925508,524.4049851232305,-0.1651972693202879,0.1651972693202879,31.284712655709033,42871
FIXED_B_conventional_frames_control,B_conventional_frames,control,15,56.64473684210527,56.64473684210527,514.01630787243,517.6435523801223,3.6272445076922395,3.6272445076922395,32.31928137065275,39546
FIXED_B_conventional_frames_control,B_conventional_frames,control,16,60.42105263157895,60.421052631578945,499.5646179624673,500.5749643801236,1.010346417656308,1.010346417656308,37.59604467877493,45422
FIXED_B_conventional_frames_control,B_conventional_frames,control,17,64.19736842105263,64.19736842105263,495.0250598464668,485.8949006687908,-9.130159177675978,9.130159177675978,44.29687922069198,43676
FIXED_B_conventional_frames_control,B_conventional_frames,control,18,67.97368421052632,67.97368421052632,486.4867244655335,477.84822317327166,-8.638501292261822,8.638501292261822,49.15396394464027,39101
FIXED_B_conventional_frames_control,B_conventional_frames,control,19,71.75,71.75,468.7498799456037,461.16879439693685,-7.581085548666863,7.581085548666863,52.6985224430216,28632
FIXED_B_conventional_frames_sepsis,B_conventional_frames,sepsis,1,3.407894736842105,3.4078947368421053,557.2336048748283,543.3422276304176,-13.891377244410705,13.891377244410705,74.66580915453869,30118
FIXED_B_conventional_frames_sepsis,B_conventional_frames,sepsis,2,6.815789473684211,6.815789473684211,559.2436708316217,542.7088670588392,-16.534803772782425,16.534803772782425,72.48968995537838,32192
FIXED_B_conventional_frames_sepsis,B_conventional_frames,sepsis,3,10.22368421052632,10.223684210526315,560.3987896274358,546.3029711180536,-14.095818509382184,14.095818509382184,68.7464841655407,31956
FIXED_B_conventional_frames_sepsis,B_conventional_frames,sepsis,4,13.63157894736842,13.631578947368421,560.8155344757931,549.5345592549648,-11.280975220828282,11.280975220828282,66.69891057213148,32246
FIXED_B_conventional_frames_sepsis,B_conventional_frames,sepsis,5,17.03947368421053,17.039473684210527,561.1513433894442,552.3096829471318,-8.841660442312332,8.841660442312332,66.92647381806086,33575
FIXED_B_conventional_frames_sepsis,B_conventional_frames,sepsis,6,20.44736842105263,20.44736842105263,562.5352283392697,552.9450763979597,-9.590151941309955,9.590151941309955,66.864606442425,33729
FIXED_B_conventional_frames_sepsis,B_conventional_frames,sepsis,7,23.85526315789474,23.855263157894736,564.515324039244,552.070279835153,-12.445044204091005,12.445044204091005,66.92814978209103,32706
FIXED_B_conventional_frames_sepsis,B_conventional_frames,sepsis,8,27.26315789473684,27.263157894736842,565.4026943513294,551.6279631214006,-13.774731229928761,13.774731229928761,68.46172634120525,32301
FIXED_B_conventional_frames_sepsis,B_conventional_frames,sepsis,9,30.67105263157895,30.67105263157895,563.8010805937621,551.2185093921725,-12.582571201589644,12.582571201589644,68.02352094773309,32247
FIXED_B_conventional_frames_sepsis,B_conventional_frames,sepsis,10,34.07894736842105,34.078947368421055,564.01905988649,549.7540887088259,-14.264971177664165,14.264971177664165,69.48159612182086,31555
FIXED_B_conventional_frames_sepsis,B_conventional_frames,sepsis,11,37.48684210526316,37.48684210526316,567.9904496523931,552.1284790834541,-15.861970568939,15.861970568939,68.77119794949948,31794
FIXED_B_conventional_frames_sepsis,B_conventional_frames,sepsis,12,40.89473684210526,40.89473684210526,569.2992909416753,555.2633944916846,-14.035896449990673,14.035896449990673,66.7828291262536,33176
FIXED_B_conventional_frames_sepsis,B_conventional_frames,sepsis,13,44.30263157894737,44.30263157894737,566.9952070847053,557.211211004609,-9.783996080096244,9.783996080096244,65.40454042120764,33101
FIXED_B_conventional_frames_sepsis,B_conventional_frames,sepsis,14,47.71052631578947,47.71052631578947,566.1030653000455,556.7748663297969,-9.32819897024865,9.32819897024865,67.13346673028086,32599
FIXED_B_conventional_frames_sepsis,B_conventional_frames,sepsis,15,51.11842105263158,51.11842105263158,560.438454051932,554.320286934934,-6.118167116998052,6.118167116998052,65.51320066880282,32742
FIXED_B_conventional_frames_sepsis,B_conventional_frames,sepsis,16,54.52631578947368,54.526315789473685,559.1539981460769,547.2510788682373,-11.902919277839601,11.902919277839601,64.45775446257676,32280
FIXED_B_conventional_frames_sepsis,B_conventional_frames,sepsis,17,57.93421052631579,57.934210526315795,557.5640646558861,541.5340312376065,-16.030033418279572,16.030033418279572,67.1020658002576,31563
FIXED_B_conventional_frames_sepsis,B_conventional_frames,sepsis,18,61.3421052631579,61.3421052631579,553.6478422288675,536.0016412502094,-17.646200978658044,17.646200978658044,69.24172498193221,32391
FIXED_B_conventional_frames_sepsis,B_conventional_frames,sepsis,19,64.75,64.75,550.1015754976037,532.4917445278728,-17.609830969730865,17.609830969730865,70.51226507794634,22468
FIXED_C_direct_windows_control,C_direct_windows,control,1,3.776315789473684,3.776315789473684,463.581574911175,448.18681128290274,-15.394763628272244,15.394763628272244,41.321417325769886,39473
FIXED_C_direct_windows_control,C_direct_windows,control,2,7.552631578947368,7.552631578947368,479.8822450752279,463.67950638114985,-16.20273869407805,16.20273869407805,37.82658813398988,39172
FIXED_C_direct_windows_control,C_direct_windows,control,3,11.32894736842105,11.328947368421053,486.8157178991975,480.4288475196783,-6.386870379519223,6.386870379519223,34.3816108507236,40776
FIXED_C_direct_windows_control,C_direct_windows,control,4,15.10526315789474,15.105263157894736,492.9779131604483,507.0070843668446,14.029171206396313,14.029171206396313,29.745306295294345,47263
FIXED_C_direct_windows_control,C_direct_windows,control,5,18.88157894736842,18.881578947368425,509.0915952734761,521.2849730242091,12.193377750732964,12.193377750732964,27.895844996449316,39313
FIXED_C_direct_windows_control,C_direct_windows,control,6,22.65789473684211,22.657894736842106,518.9359718846018,526.363567701332,7.427595816730218,7.427595816730218,27.79649423246449,39520
FIXED_C_direct_windows_control,C_direct_windows,control,7,26.43421052631579,26.434210526315788,523.9541438077175,529.5898965284907,5.635752720773212,5.635752720773212,27.322824391065197,49746
FIXED_C_direct_windows_control,C_direct_windows,control,8,30.21052631578947,30.210526315789473,525.3635252468608,530.9234112108596,5.559885963998795,5.559885963998795,27.79072391783658,40262
FIXED_C_direct_windows_control,C_direct_windows,control,9,33.98684210526316,33.98684210526316,527.2624271378364,531.8900189812824,4.627591843445998,4.627591843445998,27.61783426160734,40492
FIXED_C_direct_windows_control,C_direct_windows,control,10,37.76315789473685,37.76315789473685,528.2306309824129,533.2085232541097,4.97789227169676,4.97789227169676,27.549303696012384,48205
FIXED_C_direct_windows_control,C_direct_windows,control,11,41.53947368421053,41.53947368421053,529.4324597532669,535.2939572969777,5.861497543710811,5.861497543710811,27.277545619753194,39821
FIXED_C_direct_windows_control,C_direct_windows,control,12,45.31578947368421,45.31578947368421,529.5276446960855,536.2047268933976,6.677082197312075,6.677082197312075,26.944114875060826,40624
FIXED_C_direct_windows_control,C_direct_windows,control,13,49.0921052631579,49.0921052631579,529.257119815141,537.1209121221339,7.8637923069928775,7.8637923069928775,26.689847767713403,48928
FIXED_C_direct_windows_control,C_direct_windows,control,14,52.86842105263158,52.868421052631575,524.5701823925508,537.7843605694354,13.214178176884616,13.214178176884616,26.29668362936598,42094
FIXED_C_direct_windows_control,C_direct_windows,control,15,56.64473684210527,56.64473684210527,514.01630787243,532.532399239797,18.516091367366926,18.516091367366926,27.05727214532951,39314
FIXED_C_direct_windows_control,C_direct_windows,control,16,60.42105263157895,60.421052631578945,499.5646179624673,516.1028465830583,16.538228620590985,16.538228620590985,31.0233084146246,46451
FIXED_C_direct_windows_control,C_direct_windows,control,17,64.19736842105263,64.19736842105263,495.0250598464668,487.92751797911257,-7.097541867354209,7.097541867354209,36.52029436206079,42978
FIXED_C_direct_windows_control,C_direct_windows,control,18,67.97368421052632,67.97368421052632,486.4867244655335,472.51678232772156,-13.969942137811927,13.969942137811927,40.34652269966498,38808
FIXED_C_direct_windows_control,C_direct_windows,control,19,71.75,71.75,468.7498799456037,455.5392722806579,-13.210607664945826,13.210607664945826,43.13389696313304,28791
FIXED_C_direct_windows_sepsis,C_direct_windows,sepsis,1,3.407894736842105,3.4078947368421053,557.2336048748283,568.528715284787,11.295110409958738,11.295110409958738,41.2799297857822,29471
FIXED_C_direct_windows_sepsis,C_direct_windows,sepsis,2,6.815789473684211,6.815789473684211,559.2436708316217,568.3898661084356,9.146195276813955,9.146195276813955,39.93226019764889,31883
FIXED_C_direct_windows_sepsis,C_direct_windows,sepsis,3,10.22368421052632,10.223684210526315,560.3987896274358,568.0043957769423,7.605606149506457,7.605606149506457,38.73665563398551,32436
FIXED_C_direct_windows_sepsis,C_direct_windows,sepsis,4,13.63157894736842,13.631578947368421,560.8155344757931,568.696294139111,7.880759663317917,7.880759663317917,38.40311557810004,32672
FIXED_C_direct_windows_sepsis,C_direct_windows,sepsis,5,17.03947368421053,17.039473684210527,561.1513433894442,570.9904446993364,9.839101309892271,9.839101309892271,38.38970258967228,33860
FIXED_C_direct_windows_sepsis,C_direct_windows,sepsis,6,20.44736842105263,20.44736842105263,562.5352283392697,568.2742929005179,5.739064561248256,5.739064561248256,39.27233959605151,34135
FIXED_C_direct_windows_sepsis,C_direct_windows,sepsis,7,23.85526315789474,23.855263157894736,564.515324039244,567.6909705234816,3.1756464842376317,3.1756464842376317,40.51173997891934,33197
FIXED_C_direct_windows_sepsis,C_direct_windows,sepsis,8,27.26315789473684,27.263157894736842,565.4026943513294,567.4160127116342,2.0133183603047655,2.0133183603047655,41.20174202648073,32504
FIXED_C_direct_windows_sepsis,C_direct_windows,sepsis,9,30.67105263157895,30.67105263157895,563.8010805937621,567.6717015631899,3.8706209694278186,3.8706209694278186,41.63524956398167,31636
FIXED_C_direct_windows_sepsis,C_direct_windows,sepsis,10,34.07894736842105,34.078947368421055,564.01905988649,566.7020362492618,2.6829763627717966,2.6829763627717966,42.59587212387264,30295
FIXED_C_direct_windows_sepsis,C_direct_windows,sepsis,11,37.48684210526316,37.48684210526316,567.9904496523931,567.5590635267895,-0.4313861256035807,0.4313861256035807,43.02049519956303,31381
FIXED_C_direct_windows_sepsis,C_direct_windows,sepsis,12,40.89473684210526,40.89473684210526,569.2992909416753,568.4731924924035,-0.8260984492717398,0.8260984492717398,42.76266405260874,33405
FIXED_C_direct_windows_sepsis,C_direct_windows,sepsis,13,44.30263157894737,44.30263157894737,566.9952070847053,569.4544122743416,2.45920518963635,2.45920518963635,41.918069222116586,33494
FIXED_C_direct_windows_sepsis,C_direct_windows,sepsis,14,47.71052631578947,47.71052631578947,566.1030653000455,572.8879938520514,6.784928552005908,6.784928552005908,40.329521056837386,32940
FIXED_C_direct_windows_sepsis,C_direct_windows,sepsis,15,51.11842105263158,51.11842105263158,560.438454051932,573.6606032610011,13.22214920906913,13.22214920906913,39.11927917382032,33070
FIXED_C_direct_windows_sepsis,C_direct_windows,sepsis,16,54.52631578947368,54.526315789473685,559.1539981460769,569.2406926315232,10.086694485446287,10.086694485446287,38.14467316353673,32694
FIXED_C_direct_windows_sepsis,C_direct_windows,sepsis,17,57.93421052631579,57.934210526315795,557.5640646558861,562.6072352072416,5.043170551355502,5.043170551355502,36.99232750746047,32297
FIXED_C_direct_windows_sepsis,C_direct_windows,sepsis,18,61.3421052631579,61.3421052631579,553.6478422288675,560.6243143267872,6.976472097919668,6.976472097919668,37.95685340963045,32266
FIXED_C_direct_windows_sepsis,C_direct_windows,sepsis,19,64.75,64.75,550.1015754976037,558.9523211814942,8.850745683890523,8.850745683890523,38.411226153790935,21212
FIXED_D_axial_control,D_axial,control,1,3.776315789473684,3.776315789473684,463.581574911175,448.0746685002273,-15.506906410947693,15.506906410947693,41.3470403897649,39473
FIXED_D_axial_control,D_axial,control,2,7.552631578947368,7.552631578947368,479.8822450752279,463.5832085170724,-16.29903655815548,16.29903655815548,37.8405600044635,39172
FIXED_D_axial_control,D_axial,control,3,11.32894736842105,11.328947368421053,486.8157178991975,480.3294480046689,-6.486269894528618,6.486269894528618,34.39011633464283,40776
FIXED_D_axial_control,D_axial,control,4,15.10526315789474,15.105263157894736,492.9779131604483,506.89711705605674,13.919203895608462,13.919203895608462,29.749010949263784,47263
FIXED_D_axial_control,D_axial,control,5,18.88157894736842,18.881578947368425,509.0915952734761,521.151655068719,12.060059795242921,12.060059795242921,27.89803407925194,39313
FIXED_D_axial_control,D_axial,control,6,22.65789473684211,22.657894736842106,518.9359718846018,526.2238031943317,7.2878313097298815,7.2878313097298815,27.79841246284241,39520
FIXED_D_axial_control,D_axial,control,7,26.43421052631579,26.434210526315788,523.9541438077175,529.4623578746831,5.508214066965593,5.508214066965593,27.326121815779942,49746
FIXED_D_axial_control,D_axial,control,8,30.21052631578947,30.210526315789473,525.3635252468608,530.7790785623636,5.415553315502734,5.415553315502734,27.785037351349583,40262
FIXED_D_axial_control,D_axial,control,9,33.98684210526316,33.98684210526316,527.2624271378364,531.7420668676885,4.479639729852124,4.479639729852124,27.60947390498348,40492
FIXED_D_axial_control,D_axial,control,10,37.76315789473685,37.76315789473685,528.2306309824129,533.0738987576354,4.843267775222557,4.843267775222557,27.542345557447664,48205
FIXED_D_axial_control,D_axial,control,11,41.53947368421053,41.53947368421053,529.4324597532669,535.1386771867033,5.706217433436336,5.706217433436336,27.274768079680943,39821
FIXED_D_axial_control,D_axial,control,12,45.31578947368421,45.31578947368421,529.5276446960855,536.0561009587713,6.528456262685722,6.528456262685722,26.936669776438105,40624
FIXED_D_axial_control,D_axial,control,13,49.0921052631579,49.0921052631579,529.257119815141,536.985928504899,7.7288086897580115,7.7288086897580115,26.682783823420237,48928
FIXED_D_axial_control,D_axial,control,14,52.86842105263158,52.868421052631575,524.5701823925508,537.6274585434788,13.057276150928033,13.057276150928033,26.29147153500574,42094
FIXED_D_axial_control,D_axial,control,15,56.64473684210527,56.64473684210527,514.01630787243,532.3956324273671,18.379324554937057,18.379324554937057,27.058908940702693,39314
FIXED_D_axial_control,D_axial,control,16,60.42105263157895,60.421052631578945,499.5646179624673,515.992369549038,16.427751586570707,16.427751586570707,31.023749805269496,46451
FIXED_D_axial_control,D_axial,control,17,64.19736842105263,64.19736842105263,495.0250598464668,487.7974319979912,-7.227627848475549,7.227627848475549,36.52678787573521,42978
FIXED_D_axial_control,D_axial,control,18,67.97368421052632,67.97368421052632,486.4867244655335,472.37644542819123,-14.110279037342252,14.110279037342252,40.37018039527337,38808
FIXED_D_axial_control,D_axial,control,19,71.75,71.75,468.7498799456037,455.36964130577167,-13.380238639832044,13.380238639832044,43.166081727051534,28791
FIXED_D_axial_sepsis,D_axial,sepsis,1,3.407894736842105,3.4078947368421053,557.2336048748283,568.1419216237682,10.90831674893991,10.90831674893991,41.41147478851389,29471
FIXED_D_axial_sepsis,D_axial,sepsis,2,6.815789473684211,6.815789473684211,559.2436708316217,568.0745337818017,8.830862950180062,8.830862950180062,40.03539258373049,31883
FIXED_D_axial_sepsis,D_axial,sepsis,3,10.22368421052632,10.223684210526315,560.3987896274358,567.7249907337057,7.3262011062698775,7.3262011062698775,38.81229104225369,32436
FIXED_D_axial_sepsis,D_axial,sepsis,4,13.63157894736842,13.631578947368421,560.8155344757931,568.4062880302153,7.590753554422122,7.590753554422122,38.46879590135984,32672
FIXED_D_axial_sepsis,D_axial,sepsis,5,17.03947368421053,17.039473684210527,561.1513433894442,570.701106365855,9.549762976410875,9.549762976410875,38.453302866557706,33860
FIXED_D_axial_sepsis,D_axial,sepsis,6,20.44736842105263,20.44736842105263,562.5352283392697,567.9692591013279,5.434030762058228,5.434030762058228,39.3470451938769,34135
FIXED_D_axial_sepsis,D_axial,sepsis,7,23.85526315789474,23.855263157894736,564.515324039244,567.386799893645,2.8714758544010692,2.8714758544010692,40.57668854430153,33197
FIXED_D_axial_sepsis,D_axial,sepsis,8,27.26315789473684,27.263157894736842,565.4026943513294,567.0858057215975,1.6831113702680796,1.6831113702680796,41.3021055462672,32504
FIXED_D_axial_sepsis,D_axial,sepsis,9,30.67105263157895,30.67105263157895,563.8010805937621,567.3316765415154,3.5305959477533406,3.5305959477533406,41.73416845215806,31636
FIXED_D_axial_sepsis,D_axial,sepsis,10,34.07894736842105,34.078947368421055,564.01905988649,566.3348966707745,2.3158367842844427,2.3158367842844427,42.70603337096376,30295
FIXED_D_axial_sepsis,D_axial,sepsis,11,37.48684210526316,37.48684210526316,567.9904496523931,567.2089621721758,-0.7814874802172653,0.7814874802172653,43.13125145129965,31381
FIXED_D_axial_sepsis,D_axial,sepsis,12,40.89473684210526,40.89473684210526,569.2992909416753,568.1541318516873,-1.145159089987942,1.145159089987942,42.865533396938396,33405
FIXED_D_axial_sepsis,D_axial,sepsis,13,44.30263157894737,44.30263157894737,566.9952070847053,569.1487184022159,2.153511317510606,2.153511317510606,42.01947506503719,33494
FIXED_D_axial_sepsis,D_axial,sepsis,14,47.71052631578947,47.71052631578947,566.1030653000455,572.6037835432098,6.500718243164329,6.500718243164329,40.43606353895658,32940
FIXED_D_axial_sepsis,D_axial,sepsis,15,51.11842105263158,51.11842105263158,560.438454051932,573.3887777378669,12.950323685934904,12.950323685934904,39.215907855397184,33070
FIXED_D_axial_sepsis,D_axial,sepsis,16,54.52631578947368,54.526315789473685,559.1539981460769,568.9996880391121,9.845689893035228,9.845689893035228,38.226539121198556,32694
FIXED_D_axial_sepsis,D_axial,sepsis,17,57.93421052631579,57.934210526315795,557.5640646558861,562.3816631012525,4.817598445366343,4.817598445366343,37.05942020433321,32297
FIXED_D_axial_sepsis,D_axial,sepsis,18,61.3421052631579,61.3421052631579,553.6478422288675,560.3686684556617,6.720826226794202,6.720826226794202,38.03782531390311,32266
FIXED_D_axial_sepsis,D_axial,sepsis,19,64.75,64.75,550.1015754976037,558.6054939803774,8.50391848277377,8.50391848277377,38.51955768384931,21212
FIXED_E_minimal_conventional_control,E_minimal_conventional,control,1,3.776315789473684,3.776315789473684,463.581574911175,448.075415447252,-15.506159463922984,15.506159463922984,41.346172962129536,39475
FIXED_E_minimal_conventional_control,E_minimal_conventional,control,2,7.552631578947368,7.552631578947368,479.8822450752279,463.58324761194694,-16.298997463280955,16.298997463280955,37.841474072940606,39170
FIXED_E_minimal_conventional_control,E_minimal_conventional,control,3,11.32894736842105,11.328947368421053,486.8157178991975,479.58112088331785,-7.234597015879672,7.234597015879672,34.374934932910044,38763
FIXED_E_minimal_conventional_control,E_minimal_conventional,control,4,15.10526315789474,15.105263157894736,492.9779131604483,506.40761057014873,13.429697409700452,13.429697409700452,29.915391595983444,49307
FIXED_E_minimal_conventional_control,E_minimal_conventional,control,5,18.88157894736842,18.881578947368425,509.0915952734761,521.1543197340504,12.062724460574316,12.062724460574316,27.896324060578603,39282
FIXED_E_minimal_conventional_control,E_minimal_conventional,control,6,22.65789473684211,22.657894736842106,518.9359718846018,526.2047687396805,7.268796855078676,7.268796855078676,27.798697060185535,38771
FIXED_E_minimal_conventional_control,E_minimal_conventional,control,7,26.43421052631579,26.434210526315788,523.9541438077175,529.4684196572737,5.514275849556157,5.514275849556157,27.346381479523213,50676
FIXED_E_minimal_conventional_control,E_minimal_conventional,control,8,30.21052631578947,30.210526315789473,525.3635252468608,530.7352534815424,5.371728234681541,5.371728234681541,27.773925792907853,40081
FIXED_E_minimal_conventional_control,E_minimal_conventional,control,9,33.98684210526316,33.98684210526316,527.2624271378364,531.700213711475,4.437786573638618,4.437786573638618,27.60820065154192,40171
FIXED_E_minimal_conventional_control,E_minimal_conventional,control,10,37.76315789473685,37.76315789473685,528.2306309824129,533.1216599679133,4.891028985500384,4.891028985500384,27.590805820122654,49026
FIXED_E_minimal_conventional_control,E_minimal_conventional,control,11,41.53947368421053,41.53947368421053,529.4324597532669,535.1356141839469,5.7031544306800015,5.7031544306800015,27.21290259315119,39322
FIXED_E_minimal_conventional_control,E_minimal_conventional,control,12,45.31578947368421,45.31578947368421,529.5276446960855,536.0269609393131,6.499316243227554,6.499316243227554,26.9321135584971,40532
FIXED_E_minimal_conventional_control,E_minimal_conventional,control,13,49.0921052631579,49.0921052631579,529.257119815141,537.0395328051424,7.782412990001376,7.782412990001376,26.678721408801056,50516
FIXED_E_minimal_conventional_control,E_minimal_conventional,control,14,52.86842105263158,52.868421052631575,524.5701823925508,537.6112698102515,13.041087417700737,13.041087417700737,26.287224322462876,40598
FIXED_E_minimal_conventional_control,E_minimal_conventional,control,15,56.64473684210527,56.64473684210527,514.01630787243,532.3983156820208,18.382007809590732,18.382007809590732,27.054483731425137,39306
FIXED_E_minimal_conventional_control,E_minimal_conventional,control,16,60.42105263157895,60.421052631578945,499.5646179624673,515.3696285515822,15.805010589114886,15.805010589114886,31.15960417375334,49132
FIXED_E_minimal_conventional_control,E_minimal_conventional,control,17,64.19736842105263,64.19736842105263,495.0250598464668,486.68775810352435,-8.33730174294243,8.33730174294243,36.56669505334865,40305
FIXED_E_minimal_conventional_control,E_minimal_conventional,control,18,67.97368421052632,67.97368421052632,486.4867244655335,472.37617601394703,-14.110548451586453,14.110548451586453,40.37066565765783,38807
FIXED_E_minimal_conventional_control,E_minimal_conventional,control,19,71.75,71.75,468.7498799456037,455.36964130577167,-13.380238639832044,13.380238639832044,43.166081727051534,28791
FIXED_E_minimal_conventional_sepsis,E_minimal_conventional,sepsis,1,3.407894736842105,3.4078947368421053,557.2336048748283,568.3691563112261,11.135551436397805,11.135551436397805,41.10796079510209,27809
FIXED_E_minimal_conventional_sepsis,E_minimal_conventional,sepsis,2,6.815789473684211,6.815789473684211,559.2436708316217,567.9807035995807,8.737032767959022,8.737032767959022,40.18204314471183,33109
FIXED_E_minimal_conventional_sepsis,E_minimal_conventional,sepsis,3,10.22368421052632,10.223684210526315,560.3987896274358,567.681323675387,7.282534047951231,7.282534047951231,38.95476610103486,32786
FIXED_E_minimal_conventional_sepsis,E_minimal_conventional,sepsis,4,13.63157894736842,13.631578947368421,560.8155344757931,568.357163357093,7.541628881299857,7.541628881299857,38.534880690792676,32733
FIXED_E_minimal_conventional_sepsis,E_minimal_conventional,sepsis,5,17.03947368421053,17.039473684210527,561.1513433894442,570.7000066787651,9.548663289320984,9.548663289320984,38.45616216040525,33889
FIXED_E_minimal_conventional_sepsis,E_minimal_conventional,sepsis,6,20.44736842105263,20.44736842105263,562.5352283392697,567.9349848738076,5.399756534537914,5.399756534537914,39.34647993705435,34187
FIXED_E_minimal_conventional_sepsis,E_minimal_conventional,sepsis,7,23.85526315789474,23.855263157894736,564.515324039244,567.3231321437787,2.807808104534729,2.807808104534729,40.62728719228552,33386
FIXED_E_minimal_conventional_sepsis,E_minimal_conventional,sepsis,8,27.26315789473684,27.263157894736842,565.4026943513294,566.9517944607074,1.5491001093780596,1.5491001093780596,41.34800852839405,33316
FIXED_E_minimal_conventional_sepsis,E_minimal_conventional,sepsis,9,30.67105263157895,30.67105263157895,563.8010805937621,567.3740837617794,3.5730031680172942,3.5730031680172942,41.74586643279029,33485
FIXED_E_minimal_conventional_sepsis,E_minimal_conventional,sepsis,10,34.07894736842105,34.078947368421055,564.01905988649,566.4078584299816,2.388798543491589,2.388798543491589,42.65184849885606,24674
FIXED_E_minimal_conventional_sepsis,E_minimal_conventional,sepsis,11,37.48684210526316,37.48684210526316,567.9904496523931,567.3187982890382,-0.6716513633548402,0.6716513633548402,43.112941541718754,33162
FIXED_E_minimal_conventional_sepsis,E_minimal_conventional,sepsis,12,40.89473684210526,40.89473684210526,569.2992909416753,568.1197248274515,-1.1795661142238032,1.1795661142238032,42.84921140480197,34133
FIXED_E_minimal_conventional_sepsis,E_minimal_conventional,sepsis,13,44.30263157894737,44.30263157894737,566.9952070847053,569.044434038647,2.049226953941684,2.049226953941684,42.05965245210833,33680
FIXED_E_minimal_conventional_sepsis,E_minimal_conventional,sepsis,14,47.71052631578947,47.71052631578947,566.1030653000455,572.5868027532935,6.483737453247954,6.483737453247954,40.45749711990322,32959
FIXED_E_minimal_conventional_sepsis,E_minimal_conventional,sepsis,15,51.11842105263158,51.11842105263158,560.438454051932,573.3663643674394,12.927910315507347,12.927910315507347,39.232236830787784,33089
FIXED_E_minimal_conventional_sepsis,E_minimal_conventional,sepsis,16,54.52631578947368,54.526315789473685,559.1539981460769,568.969349206434,9.815351060357102,9.815351060357102,38.25402692507017,32716
FIXED_E_minimal_conventional_sepsis,E_minimal_conventional,sepsis,17,57.93421052631579,57.934210526315795,557.5640646558861,562.3480623622729,4.783997706386799,4.783997706386799,37.11151367737273,32590
FIXED_E_minimal_conventional_sepsis,E_minimal_conventional,sepsis,18,61.3421052631579,61.3421052631579,553.6478422288675,560.3498680198984,6.702025791030906,6.702025791030906,38.11148338924385,33692
FIXED_E_minimal_conventional_sepsis,E_minimal_conventional,sepsis,19,64.75,64.75,550.1015754976037,558.5654552241851,8.463879726581467,8.463879726581467,38.321238578896406,19453
FIXED_F_half_no_swap_control,F_half_no_swap,control,1,3.776315789473684,3.776315789473684,463.581574911175,430.2846608949597,-33.29691401621528,33.29691401621528,55.76102438663257,39410
FIXED_F_half_no_swap_control,F_half_no_swap,control,2,7.552631578947368,7.552631578947368,479.8822450752279,464.55926339292375,-15.322981682304146,15.322981682304146,48.524165710116314,39254
FIXED_F_half_no_swap_control,F_half_no_swap,control,3,11.32894736842105,11.328947368421053,486.8157178991975,495.84271562679555,9.02699772759803,9.02699772759803,40.30932457531896,41634
FIXED_F_half_no_swap_control,F_half_no_swap,control,4,15.10526315789474,15.105263157894736,492.9779131604483,512.6544462325736,19.676533072125324,19.676533072125324,35.87783198717104,46197
FIXED_F_half_no_swap_control,F_half_no_swap,control,5,18.88157894736842,18.881578947368425,509.0915952734761,522.0201395093391,12.928544235862944,12.928544235862944,35.751823044041195,39514
FIXED_F_half_no_swap_control,F_half_no_swap,control,6,22.65789473684211,22.657894736842106,518.9359718846018,526.3755173554907,7.439545470888902,7.439545470888902,36.326135539539536,40152
FIXED_F_half_no_swap_control,F_half_no_swap,control,7,26.43421052631579,26.434210526315788,523.9541438077175,528.6800660018444,4.725922194126838,4.725922194126838,36.12637437026686,48755
FIXED_F_half_no_swap_control,F_half_no_swap,control,8,30.21052631578947,30.210526315789473,525.3635252468608,529.503058951596,4.139533704735186,4.139533704735186,37.63206728705428,40598
FIXED_F_half_no_swap_control,F_half_no_swap,control,9,33.98684210526316,33.98684210526316,527.2624271378364,531.6682968231067,4.405869685270318,4.405869685270318,38.128503612109434,40893
FIXED_F_half_no_swap_control,F_half_no_swap,control,10,37.76315789473685,37.76315789473685,528.2306309824129,533.4023878845722,5.171756902159359,5.171756902159359,38.205294884848335,47297
FIXED_F_half_no_swap_control,F_half_no_swap,control,11,41.53947368421053,41.53947368421053,529.4324597532669,534.7777854049017,5.3453256516347665,5.3453256516347665,37.39916424259215,40320
FIXED_F_half_no_swap_control,F_half_no_swap,control,12,45.31578947368421,45.31578947368421,529.5276446960855,535.2191133112086,5.691468615123085,5.691468615123085,37.16475142222382,40950
FIXED_F_half_no_swap_control,F_half_no_swap,control,13,49.0921052631579,49.0921052631579,529.257119815141,536.1196712929775,6.862551477836519,6.862551477836519,37.19841813405731,47942
FIXED_F_half_no_swap_control,F_half_no_swap,control,14,52.86842105263158,52.868421052631575,524.5701823925508,538.0008043682524,13.43062197570157,13.43062197570157,36.404837367377716,42745
FIXED_F_half_no_swap_control,F_half_no_swap,control,15,56.64473684210527,56.64473684210527,514.01630787243,535.1660349925484,21.149727120118314,21.149727120118314,36.54547093032898,39514
FIXED_F_half_no_swap_control,F_half_no_swap,control,16,60.42105263157895,60.421052631578945,499.5646179624673,525.7262337389594,26.161615776492113,26.161615776492113,39.47080295066095,45651
FIXED_F_half_no_swap_control,F_half_no_swap,control,17,64.19736842105263,64.19736842105263,495.0250598464668,504.0510120048495,9.025952158382722,9.025952158382722,43.82400046851459,43552
FIXED_F_half_no_swap_control,F_half_no_swap,control,18,67.97368421052632,67.97368421052632,486.4867244655335,465.151623741982,-21.335100723551477,21.335100723551477,53.337006942074886,38939
FIXED_F_half_no_swap_control,F_half_no_swap,control,19,71.75,71.75,468.7498799456037,430.45624959943484,-38.29363034616887,38.29363034616887,59.68284439459245,28707
FIXED_F_half_no_swap_sepsis,F_half_no_swap,sepsis,1,3.407894736842105,3.4078947368421053,557.2336048748283,630.8972019868887,73.66359711206042,73.66359711206042,59.03791205146719,30157
FIXED_F_half_no_swap_sepsis,F_half_no_swap,sepsis,2,6.815789473684211,6.815789473684211,559.2436708316217,644.6918886783005,85.44821784667886,85.44821784667886,54.37351267079668,31764
FIXED_F_half_no_swap_sepsis,F_half_no_swap,sepsis,3,10.22368421052632,10.223684210526315,560.3987896274358,662.6946079770864,102.29581834965063,102.29581834965063,48.941214826534406,32107
FIXED_F_half_no_swap_sepsis,F_half_no_swap,sepsis,4,13.63157894736842,13.631578947368421,560.8155344757931,673.997020413418,113.18148593762487,113.18148593762487,46.9197399613349,32485
FIXED_F_half_no_swap_sepsis,F_half_no_swap,sepsis,5,17.03947368421053,17.039473684210527,561.1513433894442,680.9840843375409,119.83274094809678,119.83274094809678,47.68337948748356,33753
FIXED_F_half_no_swap_sepsis,F_half_no_swap,sepsis,6,20.44736842105263,20.44736842105263,562.5352283392697,687.4173860953496,124.88215775607989,124.88215775607989,48.910294869345506,34005
FIXED_F_half_no_swap_sepsis,F_half_no_swap,sepsis,7,23.85526315789474,23.855263157894736,564.515324039244,692.6345447610103,128.11922072176628,128.11922072176628,50.59025374488372,33055
FIXED_F_half_no_swap_sepsis,F_half_no_swap,sepsis,8,27.26315789473684,27.263157894736842,565.4026943513294,696.6716364989422,131.26894214761285,131.26894214761285,51.04566732401062,32468
FIXED_F_half_no_swap_sepsis,F_half_no_swap,sepsis,9,30.67105263157895,30.67105263157895,563.8010805937621,698.6189399313821,134.81785933762,134.81785933762,50.49764673701435,31954
FIXED_F_half_no_swap_sepsis,F_half_no_swap,sepsis,10,34.07894736842105,34.078947368421055,564.01905988649,701.0785814187282,137.05952153223814,137.05952153223814,50.655070264569574,30655
FIXED_F_half_no_swap_sepsis,F_half_no_swap,sepsis,11,37.48684210526316,37.48684210526316,567.9904496523931,701.2808690818193,133.29041942942627,133.29041942942627,49.98834538771643,31428
FIXED_F_half_no_swap_sepsis,F_half_no_swap,sepsis,12,40.89473684210526,40.89473684210526,569.2992909416753,702.2053441761036,132.90605323442833,132.90605323442833,50.6227401969462,33336
FIXED_F_half_no_swap_sepsis,F_half_no_swap,sepsis,13,44.30263157894737,44.30263157894737,566.9952070847053,701.3387544679009,134.34354738319564,134.34354738319564,49.64635416487998,33322
FIXED_F_half_no_swap_sepsis,F_half_no_swap,sepsis,14,47.71052631578947,47.71052631578947,566.1030653000455,699.1425126677343,133.0394473676888,133.0394473676888,51.86930626832008,32808
FIXED_F_half_no_swap_sepsis,F_half_no_swap,sepsis,15,51.11842105263158,51.11842105263158,560.438454051932,691.6841842426223,131.24573019069032,131.24573019069032,50.87259029295976,32938
FIXED_F_half_no_swap_sepsis,F_half_no_swap,sepsis,16,54.52631578947368,54.526315789473685,559.1539981460769,679.3798384083042,120.22584026222728,120.22584026222728,51.56762463282857,32571
FIXED_F_half_no_swap_sepsis,F_half_no_swap,sepsis,17,57.93421052631579,57.934210526315795,557.5640646558861,654.8408331759504,97.27676852006425,97.27676852006425,56.12376825020936,32023
FIXED_F_half_no_swap_sepsis,F_half_no_swap,sepsis,18,61.3421052631579,61.3421052631579,553.6478422288675,617.2181194859156,63.57027725704813,63.57027725704813,63.28918683920902,31655
FIXED_F_half_no_swap_sepsis,F_half_no_swap,sepsis,19,64.75,64.75,550.1015754976037,594.452294169181,44.35071867157728,44.35071867157728,68.24010268371494,22340
FIXED_G_swap_no_half_control,G_swap_no_half,control,1,3.776315789473684,3.776315789473684,463.581574911175,220.83492885498245,-242.74664605619253,242.74664605619253,32.542728792563956,39377
FIXED_G_swap_no_half_control,G_swap_no_half,control,2,7.552631578947368,7.552631578947368,479.8822450752279,217.9854879968296,-261.8967570783983,261.8967570783983,31.606808704887758,39295
FIXED_G_swap_no_half_control,G_swap_no_half,control,3,11.32894736842105,11.328947368421053,486.8157178991975,216.52357806659043,-270.29213983260706,270.29213983260706,30.43184279337576,42006
FIXED_G_swap_no_half_control,G_swap_no_half,control,4,15.10526315789474,15.105263157894736,492.9779131604483,216.5264762684301,-276.4514368920182,276.4514368920182,28.88210131544377,45906
FIXED_G_swap_no_half_control,G_swap_no_half,control,5,18.88157894736842,18.881578947368425,509.0915952734761,216.48734865441443,-292.60424661906166,292.60424661906166,27.84486688713709,39415
FIXED_G_swap_no_half_control,G_swap_no_half,control,6,22.65789473684211,22.657894736842106,518.9359718846018,214.86917725160166,-304.0667946330002,304.0667946330002,27.06844258370508,40170
FIXED_G_swap_no_half_control,G_swap_no_half,control,7,26.43421052631579,26.434210526315788,523.9541438077175,209.95063772410745,-314.0035060836101,314.0035060836101,27.20460758120197,48913
FIXED_G_swap_no_half_control,G_swap_no_half,control,8,30.21052631578947,30.210526315789473,525.3635252468608,207.40438283274443,-317.9591424141164,317.9591424141164,27.857342645733738,40442
FIXED_G_swap_no_half_control,G_swap_no_half,control,9,33.98684210526316,33.98684210526316,527.2624271378364,206.25572119683306,-321.00670594100336,321.00670594100336,28.153088934880714,40669
FIXED_G_swap_no_half_control,G_swap_no_half,control,10,37.76315789473685,37.76315789473685,528.2306309824129,205.56247350214306,-322.6681574802698,322.6681574802698,28.095697905876182,47520
FIXED_G_swap_no_half_control,G_swap_no_half,control,11,41.53947368421053,41.53947368421053,529.4324597532669,206.30914609898227,-323.12331365428463,323.12331365428463,28.4688932010515,40331
FIXED_G_swap_no_half_control,G_swap_no_half,control,12,45.31578947368421,45.31578947368421,529.5276446960855,206.87562845546785,-322.6520162406177,322.6520162406177,28.440315487117896,40709
FIXED_G_swap_no_half_control,G_swap_no_half,control,13,49.0921052631579,49.0921052631579,529.257119815141,211.15033567347646,-318.10678414166455,318.10678414166455,27.390097567275543,48118
FIXED_G_swap_no_half_control,G_swap_no_half,control,14,52.86842105263158,52.868421052631575,524.5701823925508,213.97374526668187,-310.59643712586893,310.59643712586893,27.661633830687386,42814
FIXED_G_swap_no_half_control,G_swap_no_half,control,15,56.64473684210527,56.64473684210527,514.01630787243,215.0465669333444,-298.9697409390857,298.9697409390857,29.05338302155777,39455
FIXED_G_swap_no_half_control,G_swap_no_half,control,16,60.42105263157895,60.421052631578945,499.5646179624673,215.08394132706286,-284.48067663540445,284.48067663540445,29.93649568897382,44687
FIXED_G_swap_no_half_control,G_swap_no_half,control,17,64.19736842105263,64.19736842105263,495.0250598464668,215.19159851596896,-279.8334613304978,279.8334613304978,31.435896594734903,44520
FIXED_G_swap_no_half_control,G_swap_no_half,control,18,67.97368421052632,67.97368421052632,486.4867244655335,216.0319824345812,-270.4547420309523,270.4547420309523,32.71115021997774,39029
FIXED_G_swap_no_half_control,G_swap_no_half,control,19,71.75,71.75,468.7498799456037,219.77771510448866,-248.97216484111505,248.97216484111505,34.69309294030559,28655
FIXED_G_swap_no_half_sepsis,G_swap_no_half,sepsis,1,3.407894736842105,3.4078947368421053,557.2336048748283,161.29049153236232,-395.94311334246595,395.94311334246595,44.485552857013076,29949
FIXED_G_swap_no_half_sepsis,G_swap_no_half,sepsis,2,6.815789473684211,6.815789473684211,559.2436708316217,159.3029303057775,-399.94074052584415,399.94074052584415,41.93652004381643,31941
FIXED_G_swap_no_half_sepsis,G_swap_no_half,sepsis,3,10.22368421052632,10.223684210526315,560.3987896274358,159.24944763600558,-401.1493419914302,401.1493419914302,39.73533367611378,32112
FIXED_G_swap_no_half_sepsis,G_swap_no_half,sepsis,4,13.63157894736842,13.631578947368421,560.8155344757931,159.6384370500027,-401.1770974257904,401.1770974257904,37.60012752126116,32477
FIXED_G_swap_no_half_sepsis,G_swap_no_half,sepsis,5,17.03947368421053,17.039473684210527,561.1513433894442,159.00215735414628,-402.1491860352979,402.1491860352979,36.54223105871752,33836
FIXED_G_swap_no_half_sepsis,G_swap_no_half,sepsis,6,20.44736842105263,20.44736842105263,562.5352283392697,157.7550229735286,-404.78020536574104,404.78020536574104,34.73724997086058,34088
FIXED_G_swap_no_half_sepsis,G_swap_no_half,sepsis,7,23.85526315789474,23.855263157894736,564.515324039244,155.68128413517923,-408.83403990406475,408.83403990406475,33.624502092890665,33042
FIXED_G_swap_no_half_sepsis,G_swap_no_half,sepsis,8,27.26315789473684,27.263157894736842,565.4026943513294,153.8681936178042,-411.5345007335252,411.5345007335252,33.381301032520504,32382
FIXED_G_swap_no_half_sepsis,G_swap_no_half,sepsis,9,30.67105263157895,30.67105263157895,563.8010805937621,152.64540151908946,-411.15567907467266,411.15567907467266,33.23223215025001,31700
FIXED_G_swap_no_half_sepsis,G_swap_no_half,sepsis,10,34.07894736842105,34.078947368421055,564.01905988649,152.50033750537472,-411.5187223811153,411.5187223811153,33.36389762337727,30731
FIXED_G_swap_no_half_sepsis,G_swap_no_half,sepsis,11,37.48684210526316,37.48684210526316,567.9904496523931,153.43071921500848,-414.5597304373846,414.5597304373846,33.22123975971697,31383
FIXED_G_swap_no_half_sepsis,G_swap_no_half,sepsis,12,40.89473684210526,40.89473684210526,569.2992909416753,156.28844641783115,-413.0108445238441,413.0108445238441,32.83903246512448,33310
FIXED_G_swap_no_half_sepsis,G_swap_no_half,sepsis,13,44.30263157894737,44.30263157894737,566.9952070847053,159.88459025671918,-407.11061682798606,407.11061682798606,32.686215808374435,33447
FIXED_G_swap_no_half_sepsis,G_swap_no_half,sepsis,14,47.71052631578947,47.71052631578947,566.1030653000455,162.2746497226133,-403.8284155774322,403.8284155774322,34.25619090414856,32909
FIXED_G_swap_no_half_sepsis,G_swap_no_half,sepsis,15,51.11842105263158,51.11842105263158,560.438454051932,162.8520322630845,-397.5864217888475,397.5864217888475,35.68808704707711,33021
FIXED_G_swap_no_half_sepsis,G_swap_no_half,sepsis,16,54.52631578947368,54.526315789473685,559.1539981460769,163.50915515121304,-395.6448429948639,395.6448429948639,37.38537426143393,32420
FIXED_G_swap_no_half_sepsis,G_swap_no_half,sepsis,17,57.93421052631579,57.934210526315795,557.5640646558861,163.56329165177576,-394.00077300411033,394.00077300411033,39.78399017112243,31592
FIXED_G_swap_no_half_sepsis,G_swap_no_half,sepsis,18,61.3421052631579,61.3421052631579,553.6478422288675,164.332265720037,-389.31557650883053,389.31557650883053,41.041989583544385,32092
FIXED_G_swap_no_half_sepsis,G_swap_no_half,sepsis,19,64.75,64.75,550.1015754976037,166.74863432306293,-383.3529411745408,383.3529411745408,42.99826157600036,22416
